PDB ID,Method,Resolution,Solved Ranges,Total Protein Length,Function,Associated Diseases
1A7F,NMR,-,"A=90-110, B=25-53",110,"Insulin decreases blood glucose concentration. It increases cell permeability to monosaccharides, amino acids and fatty acids. It accelerates glycolysis, the pentose phosphate cycle, and glycogen synthesis in liver",The disease is caused by variants affecting the gene represented in this entry | The disease is caused by variants affecting the gene represented in this entry | The disease is caused by variants affecting the gene represented in this entry | The disease is caused by variants affecting the gene represented in this entry
1AI0,NMR,-,"A/C/E/G/I/K=90-110, B/D/F/H/J/L=25-54",110,"Insulin decreases blood glucose concentration. It increases cell permeability to monosaccharides, amino acids and fatty acids. It accelerates glycolysis, the pentose phosphate cycle, and glycogen synthesis in liver",The disease is caused by variants affecting the gene represented in this entry | The disease is caused by variants affecting the gene represented in this entry | The disease is caused by variants affecting the gene represented in this entry | The disease is caused by variants affecting the gene represented in this entry
1AIY,NMR,-,"A/C/E/G/I/K=90-110, B/D/F/H/J/L=25-54",110,"Insulin decreases blood glucose concentration. It increases cell permeability to monosaccharides, amino acids and fatty acids. It accelerates glycolysis, the pentose phosphate cycle, and glycogen synthesis in liver",The disease is caused by variants affecting the gene represented in this entry | The disease is caused by variants affecting the gene represented in this entry | The disease is caused by variants affecting the gene represented in this entry | The disease is caused by variants affecting the gene represented in this entry
1B9E,X-ray,2.50 A,"A/C=90-110, B/D=25-54",110,"Insulin decreases blood glucose concentration. It increases cell permeability to monosaccharides, amino acids and fatty acids. It accelerates glycolysis, the pentose phosphate cycle, and glycogen synthesis in liver",The disease is caused by variants affecting the gene represented in this entry | The disease is caused by variants affecting the gene represented in this entry | The disease is caused by variants affecting the gene represented in this entry | The disease is caused by variants affecting the gene represented in this entry
1BEN,X-ray,1.40 A,"A/C=90-110, B/D=25-54",110,"Insulin decreases blood glucose concentration. It increases cell permeability to monosaccharides, amino acids and fatty acids. It accelerates glycolysis, the pentose phosphate cycle, and glycogen synthesis in liver",The disease is caused by variants affecting the gene represented in this entry | The disease is caused by variants affecting the gene represented in this entry | The disease is caused by variants affecting the gene represented in this entry | The disease is caused by variants affecting the gene represented in this entry
1EFE,NMR,-,"A=25-54, A=90-110",110,"Insulin decreases blood glucose concentration. It increases cell permeability to monosaccharides, amino acids and fatty acids. It accelerates glycolysis, the pentose phosphate cycle, and glycogen synthesis in liver",The disease is caused by variants affecting the gene represented in this entry | The disease is caused by variants affecting the gene represented in this entry | The disease is caused by variants affecting the gene represented in this entry | The disease is caused by variants affecting the gene represented in this entry
1EV3,X-ray,1.78 A,"A/C=90-110, B/D=25-54",110,"Insulin decreases blood glucose concentration. It increases cell permeability to monosaccharides, amino acids and fatty acids. It accelerates glycolysis, the pentose phosphate cycle, and glycogen synthesis in liver",The disease is caused by variants affecting the gene represented in this entry | The disease is caused by variants affecting the gene represented in this entry | The disease is caused by variants affecting the gene represented in this entry | The disease is caused by variants affecting the gene represented in this entry
1EV6,X-ray,1.90 A,"A/C/E/G/I/K=90-110, B/D/F/H/J/L=25-54",110,"Insulin decreases blood glucose concentration. It increases cell permeability to monosaccharides, amino acids and fatty acids. It accelerates glycolysis, the pentose phosphate cycle, and glycogen synthesis in liver",The disease is caused by variants affecting the gene represented in this entry | The disease is caused by variants affecting the gene represented in this entry | The disease is caused by variants affecting the gene represented in this entry | The disease is caused by variants affecting the gene represented in this entry
1EVR,X-ray,1.90 A,"A/C/E/G/I/K=90-110, B/D/F/H/J/L=25-54",110,"Insulin decreases blood glucose concentration. It increases cell permeability to monosaccharides, amino acids and fatty acids. It accelerates glycolysis, the pentose phosphate cycle, and glycogen synthesis in liver",The disease is caused by variants affecting the gene represented in this entry | The disease is caused by variants affecting the gene represented in this entry | The disease is caused by variants affecting the gene represented in this entry | The disease is caused by variants affecting the gene represented in this entry
1FU2,X-ray,3.24 A,"A/C/E/G=90-110, B/D/F/H=25-54",110,"Insulin decreases blood glucose concentration. It increases cell permeability to monosaccharides, amino acids and fatty acids. It accelerates glycolysis, the pentose phosphate cycle, and glycogen synthesis in liver",The disease is caused by variants affecting the gene represented in this entry | The disease is caused by variants affecting the gene represented in this entry | The disease is caused by variants affecting the gene represented in this entry | The disease is caused by variants affecting the gene represented in this entry
1FUB,X-ray,3.09 A,"A/C=90-110, B/D=25-54",110,"Insulin decreases blood glucose concentration. It increases cell permeability to monosaccharides, amino acids and fatty acids. It accelerates glycolysis, the pentose phosphate cycle, and glycogen synthesis in liver",The disease is caused by variants affecting the gene represented in this entry | The disease is caused by variants affecting the gene represented in this entry | The disease is caused by variants affecting the gene represented in this entry | The disease is caused by variants affecting the gene represented in this entry
1G7A,X-ray,1.20 A,"A/C/E/G=90-110, B/D/F/H=25-54",110,"Insulin decreases blood glucose concentration. It increases cell permeability to monosaccharides, amino acids and fatty acids. It accelerates glycolysis, the pentose phosphate cycle, and glycogen synthesis in liver",The disease is caused by variants affecting the gene represented in this entry | The disease is caused by variants affecting the gene represented in this entry | The disease is caused by variants affecting the gene represented in this entry | The disease is caused by variants affecting the gene represented in this entry
1G7B,X-ray,1.30 A,"A/C/E/G=90-110, B/D/F/H=25-54",110,"Insulin decreases blood glucose concentration. It increases cell permeability to monosaccharides, amino acids and fatty acids. It accelerates glycolysis, the pentose phosphate cycle, and glycogen synthesis in liver",The disease is caused by variants affecting the gene represented in this entry | The disease is caused by variants affecting the gene represented in this entry | The disease is caused by variants affecting the gene represented in this entry | The disease is caused by variants affecting the gene represented in this entry
1GUJ,X-ray,1.62 A,"A/C=90-110, B/D=25-54",110,"Insulin decreases blood glucose concentration. It increases cell permeability to monosaccharides, amino acids and fatty acids. It accelerates glycolysis, the pentose phosphate cycle, and glycogen synthesis in liver",The disease is caused by variants affecting the gene represented in this entry | The disease is caused by variants affecting the gene represented in this entry | The disease is caused by variants affecting the gene represented in this entry | The disease is caused by variants affecting the gene represented in this entry
1HIQ,NMR,-,"A=90-110, B=25-54",110,"Insulin decreases blood glucose concentration. It increases cell permeability to monosaccharides, amino acids and fatty acids. It accelerates glycolysis, the pentose phosphate cycle, and glycogen synthesis in liver",The disease is caused by variants affecting the gene represented in this entry | The disease is caused by variants affecting the gene represented in this entry | The disease is caused by variants affecting the gene represented in this entry | The disease is caused by variants affecting the gene represented in this entry
1HIS,NMR,-,"A=90-110, B=25-49",110,"Insulin decreases blood glucose concentration. It increases cell permeability to monosaccharides, amino acids and fatty acids. It accelerates glycolysis, the pentose phosphate cycle, and glycogen synthesis in liver",The disease is caused by variants affecting the gene represented in this entry | The disease is caused by variants affecting the gene represented in this entry | The disease is caused by variants affecting the gene represented in this entry | The disease is caused by variants affecting the gene represented in this entry
1HIT,NMR,-,"A=90-110, B=25-54",110,"Insulin decreases blood glucose concentration. It increases cell permeability to monosaccharides, amino acids and fatty acids. It accelerates glycolysis, the pentose phosphate cycle, and glycogen synthesis in liver",The disease is caused by variants affecting the gene represented in this entry | The disease is caused by variants affecting the gene represented in this entry | The disease is caused by variants affecting the gene represented in this entry | The disease is caused by variants affecting the gene represented in this entry
1HLS,NMR,-,"A=90-110, B=25-54",110,"Insulin decreases blood glucose concentration. It increases cell permeability to monosaccharides, amino acids and fatty acids. It accelerates glycolysis, the pentose phosphate cycle, and glycogen synthesis in liver",The disease is caused by variants affecting the gene represented in this entry | The disease is caused by variants affecting the gene represented in this entry | The disease is caused by variants affecting the gene represented in this entry | The disease is caused by variants affecting the gene represented in this entry
1HTV,X-ray,1.90 A,"A/C/E/G/I/K=90-110, B/D/F/H/J/L=25-51",110,"Insulin decreases blood glucose concentration. It increases cell permeability to monosaccharides, amino acids and fatty acids. It accelerates glycolysis, the pentose phosphate cycle, and glycogen synthesis in liver",The disease is caused by variants affecting the gene represented in this entry | The disease is caused by variants affecting the gene represented in this entry | The disease is caused by variants affecting the gene represented in this entry | The disease is caused by variants affecting the gene represented in this entry
1HUI,NMR,-,"A=90-110, B=26-53",110,"Insulin decreases blood glucose concentration. It increases cell permeability to monosaccharides, amino acids and fatty acids. It accelerates glycolysis, the pentose phosphate cycle, and glycogen synthesis in liver",The disease is caused by variants affecting the gene represented in this entry | The disease is caused by variants affecting the gene represented in this entry | The disease is caused by variants affecting the gene represented in this entry | The disease is caused by variants affecting the gene represented in this entry
1IOG,NMR,-,"A=90-110, B=25-53",110,"Insulin decreases blood glucose concentration. It increases cell permeability to monosaccharides, amino acids and fatty acids. It accelerates glycolysis, the pentose phosphate cycle, and glycogen synthesis in liver",The disease is caused by variants affecting the gene represented in this entry | The disease is caused by variants affecting the gene represented in this entry | The disease is caused by variants affecting the gene represented in this entry | The disease is caused by variants affecting the gene represented in this entry
1IOH,NMR,-,"A=90-110, B=25-53",110,"Insulin decreases blood glucose concentration. It increases cell permeability to monosaccharides, amino acids and fatty acids. It accelerates glycolysis, the pentose phosphate cycle, and glycogen synthesis in liver",The disease is caused by variants affecting the gene represented in this entry | The disease is caused by variants affecting the gene represented in this entry | The disease is caused by variants affecting the gene represented in this entry | The disease is caused by variants affecting the gene represented in this entry
1J73,X-ray,2.00 A,"A/C=90-110, B/D=25-54",110,"Insulin decreases blood glucose concentration. It increases cell permeability to monosaccharides, amino acids and fatty acids. It accelerates glycolysis, the pentose phosphate cycle, and glycogen synthesis in liver",The disease is caused by variants affecting the gene represented in this entry | The disease is caused by variants affecting the gene represented in this entry | The disease is caused by variants affecting the gene represented in this entry | The disease is caused by variants affecting the gene represented in this entry
1JCA,X-ray,2.50 A,"A/C=90-110, B/D=25-54",110,"Insulin decreases blood glucose concentration. It increases cell permeability to monosaccharides, amino acids and fatty acids. It accelerates glycolysis, the pentose phosphate cycle, and glycogen synthesis in liver",The disease is caused by variants affecting the gene represented in this entry | The disease is caused by variants affecting the gene represented in this entry | The disease is caused by variants affecting the gene represented in this entry | The disease is caused by variants affecting the gene represented in this entry
1JCO,NMR,-,"A=90-110, B=25-54",110,"Insulin decreases blood glucose concentration. It increases cell permeability to monosaccharides, amino acids and fatty acids. It accelerates glycolysis, the pentose phosphate cycle, and glycogen synthesis in liver",The disease is caused by variants affecting the gene represented in this entry | The disease is caused by variants affecting the gene represented in this entry | The disease is caused by variants affecting the gene represented in this entry | The disease is caused by variants affecting the gene represented in this entry
1JK8,X-ray,2.40 A,C=35-47,110,"Insulin decreases blood glucose concentration. It increases cell permeability to monosaccharides, amino acids and fatty acids. It accelerates glycolysis, the pentose phosphate cycle, and glycogen synthesis in liver",The disease is caused by variants affecting the gene represented in this entry | The disease is caused by variants affecting the gene represented in this entry | The disease is caused by variants affecting the gene represented in this entry | The disease is caused by variants affecting the gene represented in this entry
1K3M,NMR,-,"A=90-110, B=25-54",110,"Insulin decreases blood glucose concentration. It increases cell permeability to monosaccharides, amino acids and fatty acids. It accelerates glycolysis, the pentose phosphate cycle, and glycogen synthesis in liver",The disease is caused by variants affecting the gene represented in this entry | The disease is caused by variants affecting the gene represented in this entry | The disease is caused by variants affecting the gene represented in this entry | The disease is caused by variants affecting the gene represented in this entry
1KMF,NMR,-,"A=90-110, B=25-54",110,"Insulin decreases blood glucose concentration. It increases cell permeability to monosaccharides, amino acids and fatty acids. It accelerates glycolysis, the pentose phosphate cycle, and glycogen synthesis in liver",The disease is caused by variants affecting the gene represented in this entry | The disease is caused by variants affecting the gene represented in this entry | The disease is caused by variants affecting the gene represented in this entry | The disease is caused by variants affecting the gene represented in this entry
1LKQ,NMR,-,"A=90-110, B=25-54",110,"Insulin decreases blood glucose concentration. It increases cell permeability to monosaccharides, amino acids and fatty acids. It accelerates glycolysis, the pentose phosphate cycle, and glycogen synthesis in liver",The disease is caused by variants affecting the gene represented in this entry | The disease is caused by variants affecting the gene represented in this entry | The disease is caused by variants affecting the gene represented in this entry | The disease is caused by variants affecting the gene represented in this entry
1LPH,X-ray,2.30 A,"A/C=90-110, B/D=25-54",110,"Insulin decreases blood glucose concentration. It increases cell permeability to monosaccharides, amino acids and fatty acids. It accelerates glycolysis, the pentose phosphate cycle, and glycogen synthesis in liver",The disease is caused by variants affecting the gene represented in this entry | The disease is caused by variants affecting the gene represented in this entry | The disease is caused by variants affecting the gene represented in this entry | The disease is caused by variants affecting the gene represented in this entry
1MHI,NMR,-,"A=90-110, B=25-54",110,"Insulin decreases blood glucose concentration. It increases cell permeability to monosaccharides, amino acids and fatty acids. It accelerates glycolysis, the pentose phosphate cycle, and glycogen synthesis in liver",The disease is caused by variants affecting the gene represented in this entry | The disease is caused by variants affecting the gene represented in this entry | The disease is caused by variants affecting the gene represented in this entry | The disease is caused by variants affecting the gene represented in this entry
1MHJ,NMR,-,"A=90-110, B=25-54",110,"Insulin decreases blood glucose concentration. It increases cell permeability to monosaccharides, amino acids and fatty acids. It accelerates glycolysis, the pentose phosphate cycle, and glycogen synthesis in liver",The disease is caused by variants affecting the gene represented in this entry | The disease is caused by variants affecting the gene represented in this entry | The disease is caused by variants affecting the gene represented in this entry | The disease is caused by variants affecting the gene represented in this entry
1MSO,X-ray,1.00 A,"A/C=90-110, B/D=25-54",110,"Insulin decreases blood glucose concentration. It increases cell permeability to monosaccharides, amino acids and fatty acids. It accelerates glycolysis, the pentose phosphate cycle, and glycogen synthesis in liver",The disease is caused by variants affecting the gene represented in this entry | The disease is caused by variants affecting the gene represented in this entry | The disease is caused by variants affecting the gene represented in this entry | The disease is caused by variants affecting the gene represented in this entry
1OS3,X-ray,1.95 A,"A/C=90-110, B/D=25-54",110,"Insulin decreases blood glucose concentration. It increases cell permeability to monosaccharides, amino acids and fatty acids. It accelerates glycolysis, the pentose phosphate cycle, and glycogen synthesis in liver",The disease is caused by variants affecting the gene represented in this entry | The disease is caused by variants affecting the gene represented in this entry | The disease is caused by variants affecting the gene represented in this entry | The disease is caused by variants affecting the gene represented in this entry
1OS4,X-ray,2.25 A,"A/C/E/G/I/K=90-110, B/D/F/H/J/L=25-54",110,"Insulin decreases blood glucose concentration. It increases cell permeability to monosaccharides, amino acids and fatty acids. It accelerates glycolysis, the pentose phosphate cycle, and glycogen synthesis in liver",The disease is caused by variants affecting the gene represented in this entry | The disease is caused by variants affecting the gene represented in this entry | The disease is caused by variants affecting the gene represented in this entry | The disease is caused by variants affecting the gene represented in this entry
1Q4V,X-ray,2.00 A,"A/C=90-110, B/D=25-54",110,"Insulin decreases blood glucose concentration. It increases cell permeability to monosaccharides, amino acids and fatty acids. It accelerates glycolysis, the pentose phosphate cycle, and glycogen synthesis in liver",The disease is caused by variants affecting the gene represented in this entry | The disease is caused by variants affecting the gene represented in this entry | The disease is caused by variants affecting the gene represented in this entry | The disease is caused by variants affecting the gene represented in this entry
1QIY,X-ray,2.30 A,"A/C/E/G/I/K=90-110, B/D/F/H/J/L=25-54",110,"Insulin decreases blood glucose concentration. It increases cell permeability to monosaccharides, amino acids and fatty acids. It accelerates glycolysis, the pentose phosphate cycle, and glycogen synthesis in liver",The disease is caused by variants affecting the gene represented in this entry | The disease is caused by variants affecting the gene represented in this entry | The disease is caused by variants affecting the gene represented in this entry | The disease is caused by variants affecting the gene represented in this entry
1QIZ,X-ray,2.00 A,"A/C/E/G/I/K=90-110, B/D/F/H/J/L=25-54",110,"Insulin decreases blood glucose concentration. It increases cell permeability to monosaccharides, amino acids and fatty acids. It accelerates glycolysis, the pentose phosphate cycle, and glycogen synthesis in liver",The disease is caused by variants affecting the gene represented in this entry | The disease is caused by variants affecting the gene represented in this entry | The disease is caused by variants affecting the gene represented in this entry | The disease is caused by variants affecting the gene represented in this entry
1QJ0,X-ray,2.40 A,"A/C=90-110, B/D=25-54",110,"Insulin decreases blood glucose concentration. It increases cell permeability to monosaccharides, amino acids and fatty acids. It accelerates glycolysis, the pentose phosphate cycle, and glycogen synthesis in liver",The disease is caused by variants affecting the gene represented in this entry | The disease is caused by variants affecting the gene represented in this entry | The disease is caused by variants affecting the gene represented in this entry | The disease is caused by variants affecting the gene represented in this entry
1RWE,X-ray,1.80 A,"A/C=90-110, B/D=25-54",110,"Insulin decreases blood glucose concentration. It increases cell permeability to monosaccharides, amino acids and fatty acids. It accelerates glycolysis, the pentose phosphate cycle, and glycogen synthesis in liver",The disease is caused by variants affecting the gene represented in this entry | The disease is caused by variants affecting the gene represented in this entry | The disease is caused by variants affecting the gene represented in this entry | The disease is caused by variants affecting the gene represented in this entry
1SF1,NMR,-,"A=90-110, B=25-54",110,"Insulin decreases blood glucose concentration. It increases cell permeability to monosaccharides, amino acids and fatty acids. It accelerates glycolysis, the pentose phosphate cycle, and glycogen synthesis in liver",The disease is caused by variants affecting the gene represented in this entry | The disease is caused by variants affecting the gene represented in this entry | The disease is caused by variants affecting the gene represented in this entry | The disease is caused by variants affecting the gene represented in this entry
1SJT,NMR,-,"A=90-110, B=25-51",110,"Insulin decreases blood glucose concentration. It increases cell permeability to monosaccharides, amino acids and fatty acids. It accelerates glycolysis, the pentose phosphate cycle, and glycogen synthesis in liver",The disease is caused by variants affecting the gene represented in this entry | The disease is caused by variants affecting the gene represented in this entry | The disease is caused by variants affecting the gene represented in this entry | The disease is caused by variants affecting the gene represented in this entry
1SJU,NMR,-,A=25-110,110,"Insulin decreases blood glucose concentration. It increases cell permeability to monosaccharides, amino acids and fatty acids. It accelerates glycolysis, the pentose phosphate cycle, and glycogen synthesis in liver",The disease is caused by variants affecting the gene represented in this entry | The disease is caused by variants affecting the gene represented in this entry | The disease is caused by variants affecting the gene represented in this entry | The disease is caused by variants affecting the gene represented in this entry
1T0C,NMR,-,A=57-87,110,"Insulin decreases blood glucose concentration. It increases cell permeability to monosaccharides, amino acids and fatty acids. It accelerates glycolysis, the pentose phosphate cycle, and glycogen synthesis in liver",The disease is caused by variants affecting the gene represented in this entry | The disease is caused by variants affecting the gene represented in this entry | The disease is caused by variants affecting the gene represented in this entry | The disease is caused by variants affecting the gene represented in this entry
1T1K,NMR,-,"A=90-110, B=25-54",110,"Insulin decreases blood glucose concentration. It increases cell permeability to monosaccharides, amino acids and fatty acids. It accelerates glycolysis, the pentose phosphate cycle, and glycogen synthesis in liver",The disease is caused by variants affecting the gene represented in this entry | The disease is caused by variants affecting the gene represented in this entry | The disease is caused by variants affecting the gene represented in this entry | The disease is caused by variants affecting the gene represented in this entry
1T1P,NMR,-,"A=90-110, B=25-54",110,"Insulin decreases blood glucose concentration. It increases cell permeability to monosaccharides, amino acids and fatty acids. It accelerates glycolysis, the pentose phosphate cycle, and glycogen synthesis in liver",The disease is caused by variants affecting the gene represented in this entry | The disease is caused by variants affecting the gene represented in this entry | The disease is caused by variants affecting the gene represented in this entry | The disease is caused by variants affecting the gene represented in this entry
1T1Q,NMR,-,"A=90-110, B=25-54",110,"Insulin decreases blood glucose concentration. It increases cell permeability to monosaccharides, amino acids and fatty acids. It accelerates glycolysis, the pentose phosphate cycle, and glycogen synthesis in liver",The disease is caused by variants affecting the gene represented in this entry | The disease is caused by variants affecting the gene represented in this entry | The disease is caused by variants affecting the gene represented in this entry | The disease is caused by variants affecting the gene represented in this entry
1TRZ,X-ray,1.60 A,"A/C=90-110, B/D=25-54",110,"Insulin decreases blood glucose concentration. It increases cell permeability to monosaccharides, amino acids and fatty acids. It accelerates glycolysis, the pentose phosphate cycle, and glycogen synthesis in liver",The disease is caused by variants affecting the gene represented in this entry | The disease is caused by variants affecting the gene represented in this entry | The disease is caused by variants affecting the gene represented in this entry | The disease is caused by variants affecting the gene represented in this entry
1TYL,X-ray,1.90 A,"A/C=90-110, B/D=25-54",110,"Insulin decreases blood glucose concentration. It increases cell permeability to monosaccharides, amino acids and fatty acids. It accelerates glycolysis, the pentose phosphate cycle, and glycogen synthesis in liver",The disease is caused by variants affecting the gene represented in this entry | The disease is caused by variants affecting the gene represented in this entry | The disease is caused by variants affecting the gene represented in this entry | The disease is caused by variants affecting the gene represented in this entry
1TYM,X-ray,1.90 A,"A/C=90-110, B/D=25-54",110,"Insulin decreases blood glucose concentration. It increases cell permeability to monosaccharides, amino acids and fatty acids. It accelerates glycolysis, the pentose phosphate cycle, and glycogen synthesis in liver",The disease is caused by variants affecting the gene represented in this entry | The disease is caused by variants affecting the gene represented in this entry | The disease is caused by variants affecting the gene represented in this entry | The disease is caused by variants affecting the gene represented in this entry
1UZ9,X-ray,1.60 A,"A=90-110, B=25-53",110,"Insulin decreases blood glucose concentration. It increases cell permeability to monosaccharides, amino acids and fatty acids. It accelerates glycolysis, the pentose phosphate cycle, and glycogen synthesis in liver",The disease is caused by variants affecting the gene represented in this entry | The disease is caused by variants affecting the gene represented in this entry | The disease is caused by variants affecting the gene represented in this entry | The disease is caused by variants affecting the gene represented in this entry
1VKT,NMR,-,"A=90-110, B=25-54",110,"Insulin decreases blood glucose concentration. It increases cell permeability to monosaccharides, amino acids and fatty acids. It accelerates glycolysis, the pentose phosphate cycle, and glycogen synthesis in liver",The disease is caused by variants affecting the gene represented in this entry | The disease is caused by variants affecting the gene represented in this entry | The disease is caused by variants affecting the gene represented in this entry | The disease is caused by variants affecting the gene represented in this entry
1W8P,X-ray,2.08 A,"A/C/E/G/I/K=90-110, B/D/F/H/J/L=25-54",110,"Insulin decreases blood glucose concentration. It increases cell permeability to monosaccharides, amino acids and fatty acids. It accelerates glycolysis, the pentose phosphate cycle, and glycogen synthesis in liver",The disease is caused by variants affecting the gene represented in this entry | The disease is caused by variants affecting the gene represented in this entry | The disease is caused by variants affecting the gene represented in this entry | The disease is caused by variants affecting the gene represented in this entry
1XDA,X-ray,1.80 A,"A/C/E/G=90-110, B/D/F/H=25-53",110,"Insulin decreases blood glucose concentration. It increases cell permeability to monosaccharides, amino acids and fatty acids. It accelerates glycolysis, the pentose phosphate cycle, and glycogen synthesis in liver",The disease is caused by variants affecting the gene represented in this entry | The disease is caused by variants affecting the gene represented in this entry | The disease is caused by variants affecting the gene represented in this entry | The disease is caused by variants affecting the gene represented in this entry
1XGL,NMR,-,"A=90-110, B=25-54",110,"Insulin decreases blood glucose concentration. It increases cell permeability to monosaccharides, amino acids and fatty acids. It accelerates glycolysis, the pentose phosphate cycle, and glycogen synthesis in liver",The disease is caused by variants affecting the gene represented in this entry | The disease is caused by variants affecting the gene represented in this entry | The disease is caused by variants affecting the gene represented in this entry | The disease is caused by variants affecting the gene represented in this entry
1XW7,X-ray,2.30 A,"A/C=90-110, B/D=25-54",110,"Insulin decreases blood glucose concentration. It increases cell permeability to monosaccharides, amino acids and fatty acids. It accelerates glycolysis, the pentose phosphate cycle, and glycogen synthesis in liver",The disease is caused by variants affecting the gene represented in this entry | The disease is caused by variants affecting the gene represented in this entry | The disease is caused by variants affecting the gene represented in this entry | The disease is caused by variants affecting the gene represented in this entry
1ZEG,X-ray,1.60 A,"A/C=90-110, B/D=25-54",110,"Insulin decreases blood glucose concentration. It increases cell permeability to monosaccharides, amino acids and fatty acids. It accelerates glycolysis, the pentose phosphate cycle, and glycogen synthesis in liver",The disease is caused by variants affecting the gene represented in this entry | The disease is caused by variants affecting the gene represented in this entry | The disease is caused by variants affecting the gene represented in this entry | The disease is caused by variants affecting the gene represented in this entry
1ZEH,X-ray,1.50 A,"A/C=90-110, B/D=25-54",110,"Insulin decreases blood glucose concentration. It increases cell permeability to monosaccharides, amino acids and fatty acids. It accelerates glycolysis, the pentose phosphate cycle, and glycogen synthesis in liver",The disease is caused by variants affecting the gene represented in this entry | The disease is caused by variants affecting the gene represented in this entry | The disease is caused by variants affecting the gene represented in this entry | The disease is caused by variants affecting the gene represented in this entry
1ZNJ,X-ray,2.00 A,"A/C/E/G/I/K=90-110, B/D/F/H/J/L=25-54",110,"Insulin decreases blood glucose concentration. It increases cell permeability to monosaccharides, amino acids and fatty acids. It accelerates glycolysis, the pentose phosphate cycle, and glycogen synthesis in liver",The disease is caused by variants affecting the gene represented in this entry | The disease is caused by variants affecting the gene represented in this entry | The disease is caused by variants affecting the gene represented in this entry | The disease is caused by variants affecting the gene represented in this entry
2AIY,NMR,-,"A/C/E/G/I/K=90-110, B/D/F/H/J/L=25-54",110,"Insulin decreases blood glucose concentration. It increases cell permeability to monosaccharides, amino acids and fatty acids. It accelerates glycolysis, the pentose phosphate cycle, and glycogen synthesis in liver",The disease is caused by variants affecting the gene represented in this entry | The disease is caused by variants affecting the gene represented in this entry | The disease is caused by variants affecting the gene represented in this entry | The disease is caused by variants affecting the gene represented in this entry
2C8Q,X-ray,1.95 A,"A=90-110, B=25-53",110,"Insulin decreases blood glucose concentration. It increases cell permeability to monosaccharides, amino acids and fatty acids. It accelerates glycolysis, the pentose phosphate cycle, and glycogen synthesis in liver",The disease is caused by variants affecting the gene represented in this entry | The disease is caused by variants affecting the gene represented in this entry | The disease is caused by variants affecting the gene represented in this entry | The disease is caused by variants affecting the gene represented in this entry
2C8R,X-ray,1.50 A,"A=90-110, B=25-53",110,"Insulin decreases blood glucose concentration. It increases cell permeability to monosaccharides, amino acids and fatty acids. It accelerates glycolysis, the pentose phosphate cycle, and glycogen synthesis in liver",The disease is caused by variants affecting the gene represented in this entry | The disease is caused by variants affecting the gene represented in this entry | The disease is caused by variants affecting the gene represented in this entry | The disease is caused by variants affecting the gene represented in this entry
2CEU,X-ray,1.80 A,"A/C=90-110, B/D=25-49",110,"Insulin decreases blood glucose concentration. It increases cell permeability to monosaccharides, amino acids and fatty acids. It accelerates glycolysis, the pentose phosphate cycle, and glycogen synthesis in liver",The disease is caused by variants affecting the gene represented in this entry | The disease is caused by variants affecting the gene represented in this entry | The disease is caused by variants affecting the gene represented in this entry | The disease is caused by variants affecting the gene represented in this entry
2G54,X-ray,2.25 A,C/D=25-54,110,"Insulin decreases blood glucose concentration. It increases cell permeability to monosaccharides, amino acids and fatty acids. It accelerates glycolysis, the pentose phosphate cycle, and glycogen synthesis in liver",The disease is caused by variants affecting the gene represented in this entry | The disease is caused by variants affecting the gene represented in this entry | The disease is caused by variants affecting the gene represented in this entry | The disease is caused by variants affecting the gene represented in this entry
2G56,X-ray,2.20 A,C/D=25-54,110,"Insulin decreases blood glucose concentration. It increases cell permeability to monosaccharides, amino acids and fatty acids. It accelerates glycolysis, the pentose phosphate cycle, and glycogen synthesis in liver",The disease is caused by variants affecting the gene represented in this entry | The disease is caused by variants affecting the gene represented in this entry | The disease is caused by variants affecting the gene represented in this entry | The disease is caused by variants affecting the gene represented in this entry
2H67,NMR,-,"A=90-110, B=25-54",110,"Insulin decreases blood glucose concentration. It increases cell permeability to monosaccharides, amino acids and fatty acids. It accelerates glycolysis, the pentose phosphate cycle, and glycogen synthesis in liver",The disease is caused by variants affecting the gene represented in this entry | The disease is caused by variants affecting the gene represented in this entry | The disease is caused by variants affecting the gene represented in this entry | The disease is caused by variants affecting the gene represented in this entry
2HH4,NMR,-,"A=90-110, B=25-54",110,"Insulin decreases blood glucose concentration. It increases cell permeability to monosaccharides, amino acids and fatty acids. It accelerates glycolysis, the pentose phosphate cycle, and glycogen synthesis in liver",The disease is caused by variants affecting the gene represented in this entry | The disease is caused by variants affecting the gene represented in this entry | The disease is caused by variants affecting the gene represented in this entry | The disease is caused by variants affecting the gene represented in this entry
2HHO,NMR,-,"A=90-110, B=25-54",110,"Insulin decreases blood glucose concentration. It increases cell permeability to monosaccharides, amino acids and fatty acids. It accelerates glycolysis, the pentose phosphate cycle, and glycogen synthesis in liver",The disease is caused by variants affecting the gene represented in this entry | The disease is caused by variants affecting the gene represented in this entry | The disease is caused by variants affecting the gene represented in this entry | The disease is caused by variants affecting the gene represented in this entry
2HIU,NMR,-,"A=90-110, B=25-54",110,"Insulin decreases blood glucose concentration. It increases cell permeability to monosaccharides, amino acids and fatty acids. It accelerates glycolysis, the pentose phosphate cycle, and glycogen synthesis in liver",The disease is caused by variants affecting the gene represented in this entry | The disease is caused by variants affecting the gene represented in this entry | The disease is caused by variants affecting the gene represented in this entry | The disease is caused by variants affecting the gene represented in this entry
2JMN,NMR,-,"A=90-110, B=25-54",110,"Insulin decreases blood glucose concentration. It increases cell permeability to monosaccharides, amino acids and fatty acids. It accelerates glycolysis, the pentose phosphate cycle, and glycogen synthesis in liver",The disease is caused by variants affecting the gene represented in this entry | The disease is caused by variants affecting the gene represented in this entry | The disease is caused by variants affecting the gene represented in this entry | The disease is caused by variants affecting the gene represented in this entry
2JUM,NMR,-,"A=90-110, B=25-54",110,"Insulin decreases blood glucose concentration. It increases cell permeability to monosaccharides, amino acids and fatty acids. It accelerates glycolysis, the pentose phosphate cycle, and glycogen synthesis in liver",The disease is caused by variants affecting the gene represented in this entry | The disease is caused by variants affecting the gene represented in this entry | The disease is caused by variants affecting the gene represented in this entry | The disease is caused by variants affecting the gene represented in this entry
2JUU,NMR,-,"A=90-110, B=25-54",110,"Insulin decreases blood glucose concentration. It increases cell permeability to monosaccharides, amino acids and fatty acids. It accelerates glycolysis, the pentose phosphate cycle, and glycogen synthesis in liver",The disease is caused by variants affecting the gene represented in this entry | The disease is caused by variants affecting the gene represented in this entry | The disease is caused by variants affecting the gene represented in this entry | The disease is caused by variants affecting the gene represented in this entry
2JUV,NMR,-,"A=90-110, B=25-54",110,"Insulin decreases blood glucose concentration. It increases cell permeability to monosaccharides, amino acids and fatty acids. It accelerates glycolysis, the pentose phosphate cycle, and glycogen synthesis in liver",The disease is caused by variants affecting the gene represented in this entry | The disease is caused by variants affecting the gene represented in this entry | The disease is caused by variants affecting the gene represented in this entry | The disease is caused by variants affecting the gene represented in this entry
2JV1,NMR,-,"A=90-110, B=25-54",110,"Insulin decreases blood glucose concentration. It increases cell permeability to monosaccharides, amino acids and fatty acids. It accelerates glycolysis, the pentose phosphate cycle, and glycogen synthesis in liver",The disease is caused by variants affecting the gene represented in this entry | The disease is caused by variants affecting the gene represented in this entry | The disease is caused by variants affecting the gene represented in this entry | The disease is caused by variants affecting the gene represented in this entry
2JZQ,NMR,-,"A=25-54, A=90-110",110,"Insulin decreases blood glucose concentration. It increases cell permeability to monosaccharides, amino acids and fatty acids. It accelerates glycolysis, the pentose phosphate cycle, and glycogen synthesis in liver",The disease is caused by variants affecting the gene represented in this entry | The disease is caused by variants affecting the gene represented in this entry | The disease is caused by variants affecting the gene represented in this entry | The disease is caused by variants affecting the gene represented in this entry
2K91,NMR,-,"A=90-110, B=25-54",110,"Insulin decreases blood glucose concentration. It increases cell permeability to monosaccharides, amino acids and fatty acids. It accelerates glycolysis, the pentose phosphate cycle, and glycogen synthesis in liver",The disease is caused by variants affecting the gene represented in this entry | The disease is caused by variants affecting the gene represented in this entry | The disease is caused by variants affecting the gene represented in this entry | The disease is caused by variants affecting the gene represented in this entry
2K9R,NMR,-,"A=90-110, B=25-54",110,"Insulin decreases blood glucose concentration. It increases cell permeability to monosaccharides, amino acids and fatty acids. It accelerates glycolysis, the pentose phosphate cycle, and glycogen synthesis in liver",The disease is caused by variants affecting the gene represented in this entry | The disease is caused by variants affecting the gene represented in this entry | The disease is caused by variants affecting the gene represented in this entry | The disease is caused by variants affecting the gene represented in this entry
2KJJ,NMR,-,"A=90-110, B=25-54",110,"Insulin decreases blood glucose concentration. It increases cell permeability to monosaccharides, amino acids and fatty acids. It accelerates glycolysis, the pentose phosphate cycle, and glycogen synthesis in liver",The disease is caused by variants affecting the gene represented in this entry | The disease is caused by variants affecting the gene represented in this entry | The disease is caused by variants affecting the gene represented in this entry | The disease is caused by variants affecting the gene represented in this entry
2KJU,NMR,-,"A=90-110, B=25-54",110,"Insulin decreases blood glucose concentration. It increases cell permeability to monosaccharides, amino acids and fatty acids. It accelerates glycolysis, the pentose phosphate cycle, and glycogen synthesis in liver",The disease is caused by variants affecting the gene represented in this entry | The disease is caused by variants affecting the gene represented in this entry | The disease is caused by variants affecting the gene represented in this entry | The disease is caused by variants affecting the gene represented in this entry
2KQP,NMR,-,A=25-110,110,"Insulin decreases blood glucose concentration. It increases cell permeability to monosaccharides, amino acids and fatty acids. It accelerates glycolysis, the pentose phosphate cycle, and glycogen synthesis in liver",The disease is caused by variants affecting the gene represented in this entry | The disease is caused by variants affecting the gene represented in this entry | The disease is caused by variants affecting the gene represented in this entry | The disease is caused by variants affecting the gene represented in this entry
2KQQ,NMR,-,"A=90-110, B=25-54",110,"Insulin decreases blood glucose concentration. It increases cell permeability to monosaccharides, amino acids and fatty acids. It accelerates glycolysis, the pentose phosphate cycle, and glycogen synthesis in liver",The disease is caused by variants affecting the gene represented in this entry | The disease is caused by variants affecting the gene represented in this entry | The disease is caused by variants affecting the gene represented in this entry | The disease is caused by variants affecting the gene represented in this entry
2KXK,NMR,-,"A=90-110, B=25-54",110,"Insulin decreases blood glucose concentration. It increases cell permeability to monosaccharides, amino acids and fatty acids. It accelerates glycolysis, the pentose phosphate cycle, and glycogen synthesis in liver",The disease is caused by variants affecting the gene represented in this entry | The disease is caused by variants affecting the gene represented in this entry | The disease is caused by variants affecting the gene represented in this entry | The disease is caused by variants affecting the gene represented in this entry
2L1Y,NMR,-,"A=90-110, B=25-54",110,"Insulin decreases blood glucose concentration. It increases cell permeability to monosaccharides, amino acids and fatty acids. It accelerates glycolysis, the pentose phosphate cycle, and glycogen synthesis in liver",The disease is caused by variants affecting the gene represented in this entry | The disease is caused by variants affecting the gene represented in this entry | The disease is caused by variants affecting the gene represented in this entry | The disease is caused by variants affecting the gene represented in this entry
2L1Z,NMR,-,"A=90-110, B=25-54",110,"Insulin decreases blood glucose concentration. It increases cell permeability to monosaccharides, amino acids and fatty acids. It accelerates glycolysis, the pentose phosphate cycle, and glycogen synthesis in liver",The disease is caused by variants affecting the gene represented in this entry | The disease is caused by variants affecting the gene represented in this entry | The disease is caused by variants affecting the gene represented in this entry | The disease is caused by variants affecting the gene represented in this entry
2LGB,NMR,-,"A=90-110, B=25-55",110,"Insulin decreases blood glucose concentration. It increases cell permeability to monosaccharides, amino acids and fatty acids. It accelerates glycolysis, the pentose phosphate cycle, and glycogen synthesis in liver",The disease is caused by variants affecting the gene represented in this entry | The disease is caused by variants affecting the gene represented in this entry | The disease is caused by variants affecting the gene represented in this entry | The disease is caused by variants affecting the gene represented in this entry
2LWZ,NMR,-,"A=25-54, A=89-110",110,"Insulin decreases blood glucose concentration. It increases cell permeability to monosaccharides, amino acids and fatty acids. It accelerates glycolysis, the pentose phosphate cycle, and glycogen synthesis in liver",The disease is caused by variants affecting the gene represented in this entry | The disease is caused by variants affecting the gene represented in this entry | The disease is caused by variants affecting the gene represented in this entry | The disease is caused by variants affecting the gene represented in this entry
2M1D,NMR,-,"A=90-110, B=25-54",110,"Insulin decreases blood glucose concentration. It increases cell permeability to monosaccharides, amino acids and fatty acids. It accelerates glycolysis, the pentose phosphate cycle, and glycogen synthesis in liver",The disease is caused by variants affecting the gene represented in this entry | The disease is caused by variants affecting the gene represented in this entry | The disease is caused by variants affecting the gene represented in this entry | The disease is caused by variants affecting the gene represented in this entry
2M1E,NMR,-,"A=90-110, B=25-54",110,"Insulin decreases blood glucose concentration. It increases cell permeability to monosaccharides, amino acids and fatty acids. It accelerates glycolysis, the pentose phosphate cycle, and glycogen synthesis in liver",The disease is caused by variants affecting the gene represented in this entry | The disease is caused by variants affecting the gene represented in this entry | The disease is caused by variants affecting the gene represented in this entry | The disease is caused by variants affecting the gene represented in this entry
2M2M,NMR,-,"A=90-110, B=25-54",110,"Insulin decreases blood glucose concentration. It increases cell permeability to monosaccharides, amino acids and fatty acids. It accelerates glycolysis, the pentose phosphate cycle, and glycogen synthesis in liver",The disease is caused by variants affecting the gene represented in this entry | The disease is caused by variants affecting the gene represented in this entry | The disease is caused by variants affecting the gene represented in this entry | The disease is caused by variants affecting the gene represented in this entry
2M2N,NMR,-,"A=90-110, B=25-54",110,"Insulin decreases blood glucose concentration. It increases cell permeability to monosaccharides, amino acids and fatty acids. It accelerates glycolysis, the pentose phosphate cycle, and glycogen synthesis in liver",The disease is caused by variants affecting the gene represented in this entry | The disease is caused by variants affecting the gene represented in this entry | The disease is caused by variants affecting the gene represented in this entry | The disease is caused by variants affecting the gene represented in this entry
2M2O,NMR,-,"A=90-110, B=25-54",110,"Insulin decreases blood glucose concentration. It increases cell permeability to monosaccharides, amino acids and fatty acids. It accelerates glycolysis, the pentose phosphate cycle, and glycogen synthesis in liver",The disease is caused by variants affecting the gene represented in this entry | The disease is caused by variants affecting the gene represented in this entry | The disease is caused by variants affecting the gene represented in this entry | The disease is caused by variants affecting the gene represented in this entry
2M2P,NMR,-,"A=90-110, B=25-54",110,"Insulin decreases blood glucose concentration. It increases cell permeability to monosaccharides, amino acids and fatty acids. It accelerates glycolysis, the pentose phosphate cycle, and glycogen synthesis in liver",The disease is caused by variants affecting the gene represented in this entry | The disease is caused by variants affecting the gene represented in this entry | The disease is caused by variants affecting the gene represented in this entry | The disease is caused by variants affecting the gene represented in this entry
2MLI,NMR,-,"A=90-110, B=25-54",110,"Insulin decreases blood glucose concentration. It increases cell permeability to monosaccharides, amino acids and fatty acids. It accelerates glycolysis, the pentose phosphate cycle, and glycogen synthesis in liver",The disease is caused by variants affecting the gene represented in this entry | The disease is caused by variants affecting the gene represented in this entry | The disease is caused by variants affecting the gene represented in this entry | The disease is caused by variants affecting the gene represented in this entry
2MPG,NMR,-,"A=90-110, B=25-54",110,"Insulin decreases blood glucose concentration. It increases cell permeability to monosaccharides, amino acids and fatty acids. It accelerates glycolysis, the pentose phosphate cycle, and glycogen synthesis in liver",The disease is caused by variants affecting the gene represented in this entry | The disease is caused by variants affecting the gene represented in this entry | The disease is caused by variants affecting the gene represented in this entry | The disease is caused by variants affecting the gene represented in this entry
2MPI,NMR,-,"A=90-110, B=25-54",110,"Insulin decreases blood glucose concentration. It increases cell permeability to monosaccharides, amino acids and fatty acids. It accelerates glycolysis, the pentose phosphate cycle, and glycogen synthesis in liver",The disease is caused by variants affecting the gene represented in this entry | The disease is caused by variants affecting the gene represented in this entry | The disease is caused by variants affecting the gene represented in this entry | The disease is caused by variants affecting the gene represented in this entry
2MVC,NMR,-,"A=90-110, B=25-54",110,"Insulin decreases blood glucose concentration. It increases cell permeability to monosaccharides, amino acids and fatty acids. It accelerates glycolysis, the pentose phosphate cycle, and glycogen synthesis in liver",The disease is caused by variants affecting the gene represented in this entry | The disease is caused by variants affecting the gene represented in this entry | The disease is caused by variants affecting the gene represented in this entry | The disease is caused by variants affecting the gene represented in this entry
2MVD,NMR,-,"A=90-110, B=25-54",110,"Insulin decreases blood glucose concentration. It increases cell permeability to monosaccharides, amino acids and fatty acids. It accelerates glycolysis, the pentose phosphate cycle, and glycogen synthesis in liver",The disease is caused by variants affecting the gene represented in this entry | The disease is caused by variants affecting the gene represented in this entry | The disease is caused by variants affecting the gene represented in this entry | The disease is caused by variants affecting the gene represented in this entry
2N2V,NMR,-,"A=90-110, B=25-54",110,"Insulin decreases blood glucose concentration. It increases cell permeability to monosaccharides, amino acids and fatty acids. It accelerates glycolysis, the pentose phosphate cycle, and glycogen synthesis in liver",The disease is caused by variants affecting the gene represented in this entry | The disease is caused by variants affecting the gene represented in this entry | The disease is caused by variants affecting the gene represented in this entry | The disease is caused by variants affecting the gene represented in this entry
2N2W,NMR,-,"A=90-110, B=25-54",110,"Insulin decreases blood glucose concentration. It increases cell permeability to monosaccharides, amino acids and fatty acids. It accelerates glycolysis, the pentose phosphate cycle, and glycogen synthesis in liver",The disease is caused by variants affecting the gene represented in this entry | The disease is caused by variants affecting the gene represented in this entry | The disease is caused by variants affecting the gene represented in this entry | The disease is caused by variants affecting the gene represented in this entry
2N2X,NMR,-,"A=90-110, B=25-54",110,"Insulin decreases blood glucose concentration. It increases cell permeability to monosaccharides, amino acids and fatty acids. It accelerates glycolysis, the pentose phosphate cycle, and glycogen synthesis in liver",The disease is caused by variants affecting the gene represented in this entry | The disease is caused by variants affecting the gene represented in this entry | The disease is caused by variants affecting the gene represented in this entry | The disease is caused by variants affecting the gene represented in this entry
2OLY,X-ray,1.70 A,"A/C/E/G/I/K=90-110, B/D/F/H/J/L=25-54",110,"Insulin decreases blood glucose concentration. It increases cell permeability to monosaccharides, amino acids and fatty acids. It accelerates glycolysis, the pentose phosphate cycle, and glycogen synthesis in liver",The disease is caused by variants affecting the gene represented in this entry | The disease is caused by variants affecting the gene represented in this entry | The disease is caused by variants affecting the gene represented in this entry | The disease is caused by variants affecting the gene represented in this entry
2OLZ,X-ray,1.70 A,"A/C/E/G/I/K=90-110, B/D/F/H/J/L=25-54",110,"Insulin decreases blood glucose concentration. It increases cell permeability to monosaccharides, amino acids and fatty acids. It accelerates glycolysis, the pentose phosphate cycle, and glycogen synthesis in liver",The disease is caused by variants affecting the gene represented in this entry | The disease is caused by variants affecting the gene represented in this entry | The disease is caused by variants affecting the gene represented in this entry | The disease is caused by variants affecting the gene represented in this entry
2OM0,X-ray,2.05 A,"1/3/A/C/E/G/I/K/Q/S/U/X/a/c/e/g/i/k=90-110, 2/4/B/D/F/H/J/L/R/T/V/Y/b/d/f/h/j/l=25-54",110,"Insulin decreases blood glucose concentration. It increases cell permeability to monosaccharides, amino acids and fatty acids. It accelerates glycolysis, the pentose phosphate cycle, and glycogen synthesis in liver",The disease is caused by variants affecting the gene represented in this entry | The disease is caused by variants affecting the gene represented in this entry | The disease is caused by variants affecting the gene represented in this entry | The disease is caused by variants affecting the gene represented in this entry
2OM1,X-ray,1.97 A,"1/3/A/C/E/G/I/K/Q/S/U/X/a/c/e/g/i/k=90-110, 2/4/B/D/F/H/J/L/R/T/V/Y/b/d/f/h/j/l=25-54",110,"Insulin decreases blood glucose concentration. It increases cell permeability to monosaccharides, amino acids and fatty acids. It accelerates glycolysis, the pentose phosphate cycle, and glycogen synthesis in liver",The disease is caused by variants affecting the gene represented in this entry | The disease is caused by variants affecting the gene represented in this entry | The disease is caused by variants affecting the gene represented in this entry | The disease is caused by variants affecting the gene represented in this entry
2OMG,X-ray,1.52 A,"A/C/E=90-110, B/D/F=25-54",110,"Insulin decreases blood glucose concentration. It increases cell permeability to monosaccharides, amino acids and fatty acids. It accelerates glycolysis, the pentose phosphate cycle, and glycogen synthesis in liver",The disease is caused by variants affecting the gene represented in this entry | The disease is caused by variants affecting the gene represented in this entry | The disease is caused by variants affecting the gene represented in this entry | The disease is caused by variants affecting the gene represented in this entry
2OMH,X-ray,1.36 A,"A/C/E=90-110, B/D/F=25-54",110,"Insulin decreases blood glucose concentration. It increases cell permeability to monosaccharides, amino acids and fatty acids. It accelerates glycolysis, the pentose phosphate cycle, and glycogen synthesis in liver",The disease is caused by variants affecting the gene represented in this entry | The disease is caused by variants affecting the gene represented in this entry | The disease is caused by variants affecting the gene represented in this entry | The disease is caused by variants affecting the gene represented in this entry
2OMI,X-ray,2.24 A,"A/C/E/G/I/K=90-110, B/D/F/H/J/L=25-54",110,"Insulin decreases blood glucose concentration. It increases cell permeability to monosaccharides, amino acids and fatty acids. It accelerates glycolysis, the pentose phosphate cycle, and glycogen synthesis in liver",The disease is caused by variants affecting the gene represented in this entry | The disease is caused by variants affecting the gene represented in this entry | The disease is caused by variants affecting the gene represented in this entry | The disease is caused by variants affecting the gene represented in this entry
2OMQ,X-ray,2.00 A,A/B/C/D=36-41,110,"Insulin decreases blood glucose concentration. It increases cell permeability to monosaccharides, amino acids and fatty acids. It accelerates glycolysis, the pentose phosphate cycle, and glycogen synthesis in liver",The disease is caused by variants affecting the gene represented in this entry | The disease is caused by variants affecting the gene represented in this entry | The disease is caused by variants affecting the gene represented in this entry | The disease is caused by variants affecting the gene represented in this entry
2QIU,X-ray,2.00 A,"A/C=89-110, B/D=25-54",110,"Insulin decreases blood glucose concentration. It increases cell permeability to monosaccharides, amino acids and fatty acids. It accelerates glycolysis, the pentose phosphate cycle, and glycogen synthesis in liver",The disease is caused by variants affecting the gene represented in this entry | The disease is caused by variants affecting the gene represented in this entry | The disease is caused by variants affecting the gene represented in this entry | The disease is caused by variants affecting the gene represented in this entry
2R34,X-ray,2.25 A,"A/C=89-110, B/D=25-54",110,"Insulin decreases blood glucose concentration. It increases cell permeability to monosaccharides, amino acids and fatty acids. It accelerates glycolysis, the pentose phosphate cycle, and glycogen synthesis in liver",The disease is caused by variants affecting the gene represented in this entry | The disease is caused by variants affecting the gene represented in this entry | The disease is caused by variants affecting the gene represented in this entry | The disease is caused by variants affecting the gene represented in this entry
2R35,X-ray,2.08 A,"A/C=89-110, B/D=25-54",110,"Insulin decreases blood glucose concentration. It increases cell permeability to monosaccharides, amino acids and fatty acids. It accelerates glycolysis, the pentose phosphate cycle, and glycogen synthesis in liver",The disease is caused by variants affecting the gene represented in this entry | The disease is caused by variants affecting the gene represented in this entry | The disease is caused by variants affecting the gene represented in this entry | The disease is caused by variants affecting the gene represented in this entry
2R36,X-ray,2.00 A,"A/C=89-110, B/D=25-54",110,"Insulin decreases blood glucose concentration. It increases cell permeability to monosaccharides, amino acids and fatty acids. It accelerates glycolysis, the pentose phosphate cycle, and glycogen synthesis in liver",The disease is caused by variants affecting the gene represented in this entry | The disease is caused by variants affecting the gene represented in this entry | The disease is caused by variants affecting the gene represented in this entry | The disease is caused by variants affecting the gene represented in this entry
2RN5,NMR,-,"A=90-110, B=25-54",110,"Insulin decreases blood glucose concentration. It increases cell permeability to monosaccharides, amino acids and fatty acids. It accelerates glycolysis, the pentose phosphate cycle, and glycogen synthesis in liver",The disease is caused by variants affecting the gene represented in this entry | The disease is caused by variants affecting the gene represented in this entry | The disease is caused by variants affecting the gene represented in this entry | The disease is caused by variants affecting the gene represented in this entry
2VJZ,X-ray,1.80 A,"A/C=90-110, B/D=25-54",110,"Insulin decreases blood glucose concentration. It increases cell permeability to monosaccharides, amino acids and fatty acids. It accelerates glycolysis, the pentose phosphate cycle, and glycogen synthesis in liver",The disease is caused by variants affecting the gene represented in this entry | The disease is caused by variants affecting the gene represented in this entry | The disease is caused by variants affecting the gene represented in this entry | The disease is caused by variants affecting the gene represented in this entry
2VK0,X-ray,2.20 A,"A/C=90-110, B/D=25-54",110,"Insulin decreases blood glucose concentration. It increases cell permeability to monosaccharides, amino acids and fatty acids. It accelerates glycolysis, the pentose phosphate cycle, and glycogen synthesis in liver",The disease is caused by variants affecting the gene represented in this entry | The disease is caused by variants affecting the gene represented in this entry | The disease is caused by variants affecting the gene represented in this entry | The disease is caused by variants affecting the gene represented in this entry
2W44,X-ray,2.00 A,"A/C/E=94-110, B/D/F=25-53",110,"Insulin decreases blood glucose concentration. It increases cell permeability to monosaccharides, amino acids and fatty acids. It accelerates glycolysis, the pentose phosphate cycle, and glycogen synthesis in liver",The disease is caused by variants affecting the gene represented in this entry | The disease is caused by variants affecting the gene represented in this entry | The disease is caused by variants affecting the gene represented in this entry | The disease is caused by variants affecting the gene represented in this entry
2WBY,X-ray,2.60 A,"C/E=90-109, D/F=25-43",110,"Insulin decreases blood glucose concentration. It increases cell permeability to monosaccharides, amino acids and fatty acids. It accelerates glycolysis, the pentose phosphate cycle, and glycogen synthesis in liver",The disease is caused by variants affecting the gene represented in this entry | The disease is caused by variants affecting the gene represented in this entry | The disease is caused by variants affecting the gene represented in this entry | The disease is caused by variants affecting the gene represented in this entry
2WC0,X-ray,2.80 A,"C/E=90-110, D/F=25-54",110,"Insulin decreases blood glucose concentration. It increases cell permeability to monosaccharides, amino acids and fatty acids. It accelerates glycolysis, the pentose phosphate cycle, and glycogen synthesis in liver",The disease is caused by variants affecting the gene represented in this entry | The disease is caused by variants affecting the gene represented in this entry | The disease is caused by variants affecting the gene represented in this entry | The disease is caused by variants affecting the gene represented in this entry
2WRU,X-ray,1.57 A,"A=90-110, B=25-50",110,"Insulin decreases blood glucose concentration. It increases cell permeability to monosaccharides, amino acids and fatty acids. It accelerates glycolysis, the pentose phosphate cycle, and glycogen synthesis in liver",The disease is caused by variants affecting the gene represented in this entry | The disease is caused by variants affecting the gene represented in this entry | The disease is caused by variants affecting the gene represented in this entry | The disease is caused by variants affecting the gene represented in this entry
2WRV,X-ray,2.15 A,"A=90-110, B=25-50",110,"Insulin decreases blood glucose concentration. It increases cell permeability to monosaccharides, amino acids and fatty acids. It accelerates glycolysis, the pentose phosphate cycle, and glycogen synthesis in liver",The disease is caused by variants affecting the gene represented in this entry | The disease is caused by variants affecting the gene represented in this entry | The disease is caused by variants affecting the gene represented in this entry | The disease is caused by variants affecting the gene represented in this entry
2WRW,X-ray,2.41 A,"A=90-110, B=25-50",110,"Insulin decreases blood glucose concentration. It increases cell permeability to monosaccharides, amino acids and fatty acids. It accelerates glycolysis, the pentose phosphate cycle, and glycogen synthesis in liver",The disease is caused by variants affecting the gene represented in this entry | The disease is caused by variants affecting the gene represented in this entry | The disease is caused by variants affecting the gene represented in this entry | The disease is caused by variants affecting the gene represented in this entry
2WRX,X-ray,1.50 A,"A/C=90-110, B/D=25-54",110,"Insulin decreases blood glucose concentration. It increases cell permeability to monosaccharides, amino acids and fatty acids. It accelerates glycolysis, the pentose phosphate cycle, and glycogen synthesis in liver",The disease is caused by variants affecting the gene represented in this entry | The disease is caused by variants affecting the gene represented in this entry | The disease is caused by variants affecting the gene represented in this entry | The disease is caused by variants affecting the gene represented in this entry
2WS0,X-ray,2.10 A,"A=90-110, B=25-54",110,"Insulin decreases blood glucose concentration. It increases cell permeability to monosaccharides, amino acids and fatty acids. It accelerates glycolysis, the pentose phosphate cycle, and glycogen synthesis in liver",The disease is caused by variants affecting the gene represented in this entry | The disease is caused by variants affecting the gene represented in this entry | The disease is caused by variants affecting the gene represented in this entry | The disease is caused by variants affecting the gene represented in this entry
2WS1,X-ray,1.60 A,"A=90-110, B=25-54",110,"Insulin decreases blood glucose concentration. It increases cell permeability to monosaccharides, amino acids and fatty acids. It accelerates glycolysis, the pentose phosphate cycle, and glycogen synthesis in liver",The disease is caused by variants affecting the gene represented in this entry | The disease is caused by variants affecting the gene represented in this entry | The disease is caused by variants affecting the gene represented in this entry | The disease is caused by variants affecting the gene represented in this entry
2WS4,X-ray,1.90 A,"A=90-110, B=25-50",110,"Insulin decreases blood glucose concentration. It increases cell permeability to monosaccharides, amino acids and fatty acids. It accelerates glycolysis, the pentose phosphate cycle, and glycogen synthesis in liver",The disease is caused by variants affecting the gene represented in this entry | The disease is caused by variants affecting the gene represented in this entry | The disease is caused by variants affecting the gene represented in this entry | The disease is caused by variants affecting the gene represented in this entry
2WS6,X-ray,1.50 A,"A/C/E/G/I/K=90-110, B/D/F/H/J/L=25-54",110,"Insulin decreases blood glucose concentration. It increases cell permeability to monosaccharides, amino acids and fatty acids. It accelerates glycolysis, the pentose phosphate cycle, and glycogen synthesis in liver",The disease is caused by variants affecting the gene represented in this entry | The disease is caused by variants affecting the gene represented in this entry | The disease is caused by variants affecting the gene represented in this entry | The disease is caused by variants affecting the gene represented in this entry
2WS7,X-ray,2.59 A,"A/C/E/G/I/K=90-110, B/D/F/H/J/L=25-50",110,"Insulin decreases blood glucose concentration. It increases cell permeability to monosaccharides, amino acids and fatty acids. It accelerates glycolysis, the pentose phosphate cycle, and glycogen synthesis in liver",The disease is caused by variants affecting the gene represented in this entry | The disease is caused by variants affecting the gene represented in this entry | The disease is caused by variants affecting the gene represented in this entry | The disease is caused by variants affecting the gene represented in this entry
3AIY,NMR,-,"A/C/E/G/I/K=90-110, B/D/F/H/J/L=25-54",110,"Insulin decreases blood glucose concentration. It increases cell permeability to monosaccharides, amino acids and fatty acids. It accelerates glycolysis, the pentose phosphate cycle, and glycogen synthesis in liver",The disease is caused by variants affecting the gene represented in this entry | The disease is caused by variants affecting the gene represented in this entry | The disease is caused by variants affecting the gene represented in this entry | The disease is caused by variants affecting the gene represented in this entry
3BXQ,X-ray,1.30 A,"A/C=90-110, B/D=25-54",110,"Insulin decreases blood glucose concentration. It increases cell permeability to monosaccharides, amino acids and fatty acids. It accelerates glycolysis, the pentose phosphate cycle, and glycogen synthesis in liver",The disease is caused by variants affecting the gene represented in this entry | The disease is caused by variants affecting the gene represented in this entry | The disease is caused by variants affecting the gene represented in this entry | The disease is caused by variants affecting the gene represented in this entry
3E7Y,X-ray,1.60 A,"A/C=90-110, B/D=25-53",110,"Insulin decreases blood glucose concentration. It increases cell permeability to monosaccharides, amino acids and fatty acids. It accelerates glycolysis, the pentose phosphate cycle, and glycogen synthesis in liver",The disease is caused by variants affecting the gene represented in this entry | The disease is caused by variants affecting the gene represented in this entry | The disease is caused by variants affecting the gene represented in this entry | The disease is caused by variants affecting the gene represented in this entry
3E7Z,X-ray,1.70 A,"A/C=90-110, B/D=25-53",110,"Insulin decreases blood glucose concentration. It increases cell permeability to monosaccharides, amino acids and fatty acids. It accelerates glycolysis, the pentose phosphate cycle, and glycogen synthesis in liver",The disease is caused by variants affecting the gene represented in this entry | The disease is caused by variants affecting the gene represented in this entry | The disease is caused by variants affecting the gene represented in this entry | The disease is caused by variants affecting the gene represented in this entry
3EXX,X-ray,1.35 A,"A/C=90-110, B/D=25-54",110,"Insulin decreases blood glucose concentration. It increases cell permeability to monosaccharides, amino acids and fatty acids. It accelerates glycolysis, the pentose phosphate cycle, and glycogen synthesis in liver",The disease is caused by variants affecting the gene represented in this entry | The disease is caused by variants affecting the gene represented in this entry | The disease is caused by variants affecting the gene represented in this entry | The disease is caused by variants affecting the gene represented in this entry
3FQ9,X-ray,1.35 A,"A/C=91-110, B/D=25-54",110,"Insulin decreases blood glucose concentration. It increases cell permeability to monosaccharides, amino acids and fatty acids. It accelerates glycolysis, the pentose phosphate cycle, and glycogen synthesis in liver",The disease is caused by variants affecting the gene represented in this entry | The disease is caused by variants affecting the gene represented in this entry | The disease is caused by variants affecting the gene represented in this entry | The disease is caused by variants affecting the gene represented in this entry
3HYD,X-ray,1.00 A,A=35-41,110,"Insulin decreases blood glucose concentration. It increases cell permeability to monosaccharides, amino acids and fatty acids. It accelerates glycolysis, the pentose phosphate cycle, and glycogen synthesis in liver",The disease is caused by variants affecting the gene represented in this entry | The disease is caused by variants affecting the gene represented in this entry | The disease is caused by variants affecting the gene represented in this entry | The disease is caused by variants affecting the gene represented in this entry
3I3Z,X-ray,1.60 A,"A=90-110, B=25-54",110,"Insulin decreases blood glucose concentration. It increases cell permeability to monosaccharides, amino acids and fatty acids. It accelerates glycolysis, the pentose phosphate cycle, and glycogen synthesis in liver",The disease is caused by variants affecting the gene represented in this entry | The disease is caused by variants affecting the gene represented in this entry | The disease is caused by variants affecting the gene represented in this entry | The disease is caused by variants affecting the gene represented in this entry
3I40,X-ray,1.85 A,"A=90-110, B=25-54",110,"Insulin decreases blood glucose concentration. It increases cell permeability to monosaccharides, amino acids and fatty acids. It accelerates glycolysis, the pentose phosphate cycle, and glycogen synthesis in liver",The disease is caused by variants affecting the gene represented in this entry | The disease is caused by variants affecting the gene represented in this entry | The disease is caused by variants affecting the gene represented in this entry | The disease is caused by variants affecting the gene represented in this entry
3ILG,X-ray,1.90 A,"A/C=90-110, B/D=25-54",110,"Insulin decreases blood glucose concentration. It increases cell permeability to monosaccharides, amino acids and fatty acids. It accelerates glycolysis, the pentose phosphate cycle, and glycogen synthesis in liver",The disease is caused by variants affecting the gene represented in this entry | The disease is caused by variants affecting the gene represented in this entry | The disease is caused by variants affecting the gene represented in this entry | The disease is caused by variants affecting the gene represented in this entry
3INC,X-ray,1.85 A,"A/C=90-110, B/D=25-54",110,"Insulin decreases blood glucose concentration. It increases cell permeability to monosaccharides, amino acids and fatty acids. It accelerates glycolysis, the pentose phosphate cycle, and glycogen synthesis in liver",The disease is caused by variants affecting the gene represented in this entry | The disease is caused by variants affecting the gene represented in this entry | The disease is caused by variants affecting the gene represented in this entry | The disease is caused by variants affecting the gene represented in this entry
3IR0,X-ray,2.20 A,"A/C/E/G/I/K/M/O/R/T/V/X=90-110, B/D/F/H/J/L/N/P/S/U/W/Y=25-54",110,"Insulin decreases blood glucose concentration. It increases cell permeability to monosaccharides, amino acids and fatty acids. It accelerates glycolysis, the pentose phosphate cycle, and glycogen synthesis in liver",The disease is caused by variants affecting the gene represented in this entry | The disease is caused by variants affecting the gene represented in this entry | The disease is caused by variants affecting the gene represented in this entry | The disease is caused by variants affecting the gene represented in this entry
3JSD,X-ray,2.50 A,"A/C=90-110, B/D=25-54",110,"Insulin decreases blood glucose concentration. It increases cell permeability to monosaccharides, amino acids and fatty acids. It accelerates glycolysis, the pentose phosphate cycle, and glycogen synthesis in liver",The disease is caused by variants affecting the gene represented in this entry | The disease is caused by variants affecting the gene represented in this entry | The disease is caused by variants affecting the gene represented in this entry | The disease is caused by variants affecting the gene represented in this entry
3KQ6,X-ray,1.90 A,"A/C=90-110, B/D=25-54",110,"Insulin decreases blood glucose concentration. It increases cell permeability to monosaccharides, amino acids and fatty acids. It accelerates glycolysis, the pentose phosphate cycle, and glycogen synthesis in liver",The disease is caused by variants affecting the gene represented in this entry | The disease is caused by variants affecting the gene represented in this entry | The disease is caused by variants affecting the gene represented in this entry | The disease is caused by variants affecting the gene represented in this entry
3P2X,X-ray,2.00 A,"A/C=90-110, B/D=25-54",110,"Insulin decreases blood glucose concentration. It increases cell permeability to monosaccharides, amino acids and fatty acids. It accelerates glycolysis, the pentose phosphate cycle, and glycogen synthesis in liver",The disease is caused by variants affecting the gene represented in this entry | The disease is caused by variants affecting the gene represented in this entry | The disease is caused by variants affecting the gene represented in this entry | The disease is caused by variants affecting the gene represented in this entry
3P33,X-ray,2.30 A,"A/C/E/G=90-110, B/D/F/H=25-54",110,"Insulin decreases blood glucose concentration. It increases cell permeability to monosaccharides, amino acids and fatty acids. It accelerates glycolysis, the pentose phosphate cycle, and glycogen synthesis in liver",The disease is caused by variants affecting the gene represented in this entry | The disease is caused by variants affecting the gene represented in this entry | The disease is caused by variants affecting the gene represented in this entry | The disease is caused by variants affecting the gene represented in this entry
3Q6E,X-ray,2.05 A,"A/C=90-110, B/D=25-54",110,"Insulin decreases blood glucose concentration. It increases cell permeability to monosaccharides, amino acids and fatty acids. It accelerates glycolysis, the pentose phosphate cycle, and glycogen synthesis in liver",The disease is caused by variants affecting the gene represented in this entry | The disease is caused by variants affecting the gene represented in this entry | The disease is caused by variants affecting the gene represented in this entry | The disease is caused by variants affecting the gene represented in this entry
3ROV,X-ray,2.30 A,"A/C/E/G/I/K=90-110, B/D/F/H/J/L=25-54",110,"Insulin decreases blood glucose concentration. It increases cell permeability to monosaccharides, amino acids and fatty acids. It accelerates glycolysis, the pentose phosphate cycle, and glycogen synthesis in liver",The disease is caused by variants affecting the gene represented in this entry | The disease is caused by variants affecting the gene represented in this entry | The disease is caused by variants affecting the gene represented in this entry | The disease is caused by variants affecting the gene represented in this entry
3TT8,X-ray,1.12 A,"A/C=90-110, B/D=25-54",110,"Insulin decreases blood glucose concentration. It increases cell permeability to monosaccharides, amino acids and fatty acids. It accelerates glycolysis, the pentose phosphate cycle, and glycogen synthesis in liver",The disease is caused by variants affecting the gene represented in this entry | The disease is caused by variants affecting the gene represented in this entry | The disease is caused by variants affecting the gene represented in this entry | The disease is caused by variants affecting the gene represented in this entry
3U4N,X-ray,1.98 A,"A=90-110, B=25-53",110,"Insulin decreases blood glucose concentration. It increases cell permeability to monosaccharides, amino acids and fatty acids. It accelerates glycolysis, the pentose phosphate cycle, and glycogen synthesis in liver",The disease is caused by variants affecting the gene represented in this entry | The disease is caused by variants affecting the gene represented in this entry | The disease is caused by variants affecting the gene represented in this entry | The disease is caused by variants affecting the gene represented in this entry
3UTQ,X-ray,1.67 A,C=15-24,110,"Insulin decreases blood glucose concentration. It increases cell permeability to monosaccharides, amino acids and fatty acids. It accelerates glycolysis, the pentose phosphate cycle, and glycogen synthesis in liver",The disease is caused by variants affecting the gene represented in this entry | The disease is caused by variants affecting the gene represented in this entry | The disease is caused by variants affecting the gene represented in this entry | The disease is caused by variants affecting the gene represented in this entry
3UTS,X-ray,2.71 A,C/H=15-24,110,"Insulin decreases blood glucose concentration. It increases cell permeability to monosaccharides, amino acids and fatty acids. It accelerates glycolysis, the pentose phosphate cycle, and glycogen synthesis in liver",The disease is caused by variants affecting the gene represented in this entry | The disease is caused by variants affecting the gene represented in this entry | The disease is caused by variants affecting the gene represented in this entry | The disease is caused by variants affecting the gene represented in this entry
3UTT,X-ray,2.60 A,C/H=15-24,110,"Insulin decreases blood glucose concentration. It increases cell permeability to monosaccharides, amino acids and fatty acids. It accelerates glycolysis, the pentose phosphate cycle, and glycogen synthesis in liver",The disease is caused by variants affecting the gene represented in this entry | The disease is caused by variants affecting the gene represented in this entry | The disease is caused by variants affecting the gene represented in this entry | The disease is caused by variants affecting the gene represented in this entry
3V19,X-ray,2.00 A,"A/C=90-110, B/D=25-54",110,"Insulin decreases blood glucose concentration. It increases cell permeability to monosaccharides, amino acids and fatty acids. It accelerates glycolysis, the pentose phosphate cycle, and glycogen synthesis in liver",The disease is caused by variants affecting the gene represented in this entry | The disease is caused by variants affecting the gene represented in this entry | The disease is caused by variants affecting the gene represented in this entry | The disease is caused by variants affecting the gene represented in this entry
3V1G,X-ray,2.20 A,"A/C=90-110, B/D=25-54",110,"Insulin decreases blood glucose concentration. It increases cell permeability to monosaccharides, amino acids and fatty acids. It accelerates glycolysis, the pentose phosphate cycle, and glycogen synthesis in liver",The disease is caused by variants affecting the gene represented in this entry | The disease is caused by variants affecting the gene represented in this entry | The disease is caused by variants affecting the gene represented in this entry | The disease is caused by variants affecting the gene represented in this entry
3W11,X-ray,3.90 A,"A=90-110, B=25-54",110,"Insulin decreases blood glucose concentration. It increases cell permeability to monosaccharides, amino acids and fatty acids. It accelerates glycolysis, the pentose phosphate cycle, and glycogen synthesis in liver",The disease is caused by variants affecting the gene represented in this entry | The disease is caused by variants affecting the gene represented in this entry | The disease is caused by variants affecting the gene represented in this entry | The disease is caused by variants affecting the gene represented in this entry
3W12,X-ray,4.30 A,"A=90-110, B=25-50",110,"Insulin decreases blood glucose concentration. It increases cell permeability to monosaccharides, amino acids and fatty acids. It accelerates glycolysis, the pentose phosphate cycle, and glycogen synthesis in liver",The disease is caused by variants affecting the gene represented in this entry | The disease is caused by variants affecting the gene represented in this entry | The disease is caused by variants affecting the gene represented in this entry | The disease is caused by variants affecting the gene represented in this entry
3W13,X-ray,4.30 A,"A=90-110, B=25-50",110,"Insulin decreases blood glucose concentration. It increases cell permeability to monosaccharides, amino acids and fatty acids. It accelerates glycolysis, the pentose phosphate cycle, and glycogen synthesis in liver",The disease is caused by variants affecting the gene represented in this entry | The disease is caused by variants affecting the gene represented in this entry | The disease is caused by variants affecting the gene represented in this entry | The disease is caused by variants affecting the gene represented in this entry
3W7Y,X-ray,0.92 A,"A/C=90-110, B/D=25-54",110,"Insulin decreases blood glucose concentration. It increases cell permeability to monosaccharides, amino acids and fatty acids. It accelerates glycolysis, the pentose phosphate cycle, and glycogen synthesis in liver",The disease is caused by variants affecting the gene represented in this entry | The disease is caused by variants affecting the gene represented in this entry | The disease is caused by variants affecting the gene represented in this entry | The disease is caused by variants affecting the gene represented in this entry
3W7Z,X-ray,1.15 A,"A/C=90-110, B/D=25-54",110,"Insulin decreases blood glucose concentration. It increases cell permeability to monosaccharides, amino acids and fatty acids. It accelerates glycolysis, the pentose phosphate cycle, and glycogen synthesis in liver",The disease is caused by variants affecting the gene represented in this entry | The disease is caused by variants affecting the gene represented in this entry | The disease is caused by variants affecting the gene represented in this entry | The disease is caused by variants affecting the gene represented in this entry
3W80,X-ray,1.40 A,"A/C/E/G=90-110, B/D/F/H=25-54",110,"Insulin decreases blood glucose concentration. It increases cell permeability to monosaccharides, amino acids and fatty acids. It accelerates glycolysis, the pentose phosphate cycle, and glycogen synthesis in liver",The disease is caused by variants affecting the gene represented in this entry | The disease is caused by variants affecting the gene represented in this entry | The disease is caused by variants affecting the gene represented in this entry | The disease is caused by variants affecting the gene represented in this entry
3ZI3,X-ray,1.70 A,"A=90-110, B=25-54",110,"Insulin decreases blood glucose concentration. It increases cell permeability to monosaccharides, amino acids and fatty acids. It accelerates glycolysis, the pentose phosphate cycle, and glycogen synthesis in liver",The disease is caused by variants affecting the gene represented in this entry | The disease is caused by variants affecting the gene represented in this entry | The disease is caused by variants affecting the gene represented in this entry | The disease is caused by variants affecting the gene represented in this entry
3ZQR,X-ray,1.90 A,"A/C/E/G/I/K=90-110, B/D/F/H/J/L=25-54",110,"Insulin decreases blood glucose concentration. It increases cell permeability to monosaccharides, amino acids and fatty acids. It accelerates glycolysis, the pentose phosphate cycle, and glycogen synthesis in liver",The disease is caused by variants affecting the gene represented in this entry | The disease is caused by variants affecting the gene represented in this entry | The disease is caused by variants affecting the gene represented in this entry | The disease is caused by variants affecting the gene represented in this entry
3ZS2,X-ray,1.97 A,"A/C/E/G/I/K=90-110, B/D/F/H/J/L=25-54",110,"Insulin decreases blood glucose concentration. It increases cell permeability to monosaccharides, amino acids and fatty acids. It accelerates glycolysis, the pentose phosphate cycle, and glycogen synthesis in liver",The disease is caused by variants affecting the gene represented in this entry | The disease is caused by variants affecting the gene represented in this entry | The disease is caused by variants affecting the gene represented in this entry | The disease is caused by variants affecting the gene represented in this entry
3ZU1,X-ray,1.60 A,"A/C=90-110, B/D=25-54",110,"Insulin decreases blood glucose concentration. It increases cell permeability to monosaccharides, amino acids and fatty acids. It accelerates glycolysis, the pentose phosphate cycle, and glycogen synthesis in liver",The disease is caused by variants affecting the gene represented in this entry | The disease is caused by variants affecting the gene represented in this entry | The disease is caused by variants affecting the gene represented in this entry | The disease is caused by variants affecting the gene represented in this entry
4AIY,NMR,-,"A/C/E/G/I/K=90-110, B/D/F/H/J/L=25-54",110,"Insulin decreases blood glucose concentration. It increases cell permeability to monosaccharides, amino acids and fatty acids. It accelerates glycolysis, the pentose phosphate cycle, and glycogen synthesis in liver",The disease is caused by variants affecting the gene represented in this entry | The disease is caused by variants affecting the gene represented in this entry | The disease is caused by variants affecting the gene represented in this entry | The disease is caused by variants affecting the gene represented in this entry
4AJX,X-ray,1.20 A,"A/C/E/G/I/K=90-110, B/D/F/H/J/L=25-53",110,"Insulin decreases blood glucose concentration. It increases cell permeability to monosaccharides, amino acids and fatty acids. It accelerates glycolysis, the pentose phosphate cycle, and glycogen synthesis in liver",The disease is caused by variants affecting the gene represented in this entry | The disease is caused by variants affecting the gene represented in this entry | The disease is caused by variants affecting the gene represented in this entry | The disease is caused by variants affecting the gene represented in this entry
4AJZ,X-ray,1.80 A,"A/C=90-110, B/D=25-53",110,"Insulin decreases blood glucose concentration. It increases cell permeability to monosaccharides, amino acids and fatty acids. It accelerates glycolysis, the pentose phosphate cycle, and glycogen synthesis in liver",The disease is caused by variants affecting the gene represented in this entry | The disease is caused by variants affecting the gene represented in this entry | The disease is caused by variants affecting the gene represented in this entry | The disease is caused by variants affecting the gene represented in this entry
4AK0,X-ray,2.28 A,"A=90-110, B=25-53",110,"Insulin decreases blood glucose concentration. It increases cell permeability to monosaccharides, amino acids and fatty acids. It accelerates glycolysis, the pentose phosphate cycle, and glycogen synthesis in liver",The disease is caused by variants affecting the gene represented in this entry | The disease is caused by variants affecting the gene represented in this entry | The disease is caused by variants affecting the gene represented in this entry | The disease is caused by variants affecting the gene represented in this entry
4AKJ,X-ray,2.01 A,"A/C=90-110, B/D=25-53",110,"Insulin decreases blood glucose concentration. It increases cell permeability to monosaccharides, amino acids and fatty acids. It accelerates glycolysis, the pentose phosphate cycle, and glycogen synthesis in liver",The disease is caused by variants affecting the gene represented in this entry | The disease is caused by variants affecting the gene represented in this entry | The disease is caused by variants affecting the gene represented in this entry | The disease is caused by variants affecting the gene represented in this entry
4CXL,X-ray,1.50 A,"A=90-110, B=25-54",110,"Insulin decreases blood glucose concentration. It increases cell permeability to monosaccharides, amino acids and fatty acids. It accelerates glycolysis, the pentose phosphate cycle, and glycogen synthesis in liver",The disease is caused by variants affecting the gene represented in this entry | The disease is caused by variants affecting the gene represented in this entry | The disease is caused by variants affecting the gene represented in this entry | The disease is caused by variants affecting the gene represented in this entry
4CXN,X-ray,1.70 A,"A=90-110, B=25-54",110,"Insulin decreases blood glucose concentration. It increases cell permeability to monosaccharides, amino acids and fatty acids. It accelerates glycolysis, the pentose phosphate cycle, and glycogen synthesis in liver",The disease is caused by variants affecting the gene represented in this entry | The disease is caused by variants affecting the gene represented in this entry | The disease is caused by variants affecting the gene represented in this entry | The disease is caused by variants affecting the gene represented in this entry
4CY7,X-ray,1.40 A,"A/C=90-110, B/D=25-54",110,"Insulin decreases blood glucose concentration. It increases cell permeability to monosaccharides, amino acids and fatty acids. It accelerates glycolysis, the pentose phosphate cycle, and glycogen synthesis in liver",The disease is caused by variants affecting the gene represented in this entry | The disease is caused by variants affecting the gene represented in this entry | The disease is caused by variants affecting the gene represented in this entry | The disease is caused by variants affecting the gene represented in this entry
4EFX,X-ray,1.98 A,"A/C=90-110, B/D=25-52",110,"Insulin decreases blood glucose concentration. It increases cell permeability to monosaccharides, amino acids and fatty acids. It accelerates glycolysis, the pentose phosphate cycle, and glycogen synthesis in liver",The disease is caused by variants affecting the gene represented in this entry | The disease is caused by variants affecting the gene represented in this entry | The disease is caused by variants affecting the gene represented in this entry | The disease is caused by variants affecting the gene represented in this entry
4EWW,X-ray,2.30 A,"A/C=90-110, B/D=25-54",110,"Insulin decreases blood glucose concentration. It increases cell permeability to monosaccharides, amino acids and fatty acids. It accelerates glycolysis, the pentose phosphate cycle, and glycogen synthesis in liver",The disease is caused by variants affecting the gene represented in this entry | The disease is caused by variants affecting the gene represented in this entry | The disease is caused by variants affecting the gene represented in this entry | The disease is caused by variants affecting the gene represented in this entry
4EWX,X-ray,2.20 A,"A/C=90-110, B/D=25-54",110,"Insulin decreases blood glucose concentration. It increases cell permeability to monosaccharides, amino acids and fatty acids. It accelerates glycolysis, the pentose phosphate cycle, and glycogen synthesis in liver",The disease is caused by variants affecting the gene represented in this entry | The disease is caused by variants affecting the gene represented in this entry | The disease is caused by variants affecting the gene represented in this entry | The disease is caused by variants affecting the gene represented in this entry
4EWZ,X-ray,1.79 A,"A/C=90-110, B/D=25-54",110,"Insulin decreases blood glucose concentration. It increases cell permeability to monosaccharides, amino acids and fatty acids. It accelerates glycolysis, the pentose phosphate cycle, and glycogen synthesis in liver",The disease is caused by variants affecting the gene represented in this entry | The disease is caused by variants affecting the gene represented in this entry | The disease is caused by variants affecting the gene represented in this entry | The disease is caused by variants affecting the gene represented in this entry
4EX0,X-ray,1.86 A,"A/C=90-110, B/D=25-54",110,"Insulin decreases blood glucose concentration. It increases cell permeability to monosaccharides, amino acids and fatty acids. It accelerates glycolysis, the pentose phosphate cycle, and glycogen synthesis in liver",The disease is caused by variants affecting the gene represented in this entry | The disease is caused by variants affecting the gene represented in this entry | The disease is caused by variants affecting the gene represented in this entry | The disease is caused by variants affecting the gene represented in this entry
4EX1,X-ray,1.66 A,"A/C=90-110, B/D=25-54",110,"Insulin decreases blood glucose concentration. It increases cell permeability to monosaccharides, amino acids and fatty acids. It accelerates glycolysis, the pentose phosphate cycle, and glycogen synthesis in liver",The disease is caused by variants affecting the gene represented in this entry | The disease is caused by variants affecting the gene represented in this entry | The disease is caused by variants affecting the gene represented in this entry | The disease is caused by variants affecting the gene represented in this entry
4EXX,X-ray,1.55 A,"A/C=90-110, B/D=25-54",110,"Insulin decreases blood glucose concentration. It increases cell permeability to monosaccharides, amino acids and fatty acids. It accelerates glycolysis, the pentose phosphate cycle, and glycogen synthesis in liver",The disease is caused by variants affecting the gene represented in this entry | The disease is caused by variants affecting the gene represented in this entry | The disease is caused by variants affecting the gene represented in this entry | The disease is caused by variants affecting the gene represented in this entry
4EY1,X-ray,1.47 A,"A/C=90-110, B/D=25-54",110,"Insulin decreases blood glucose concentration. It increases cell permeability to monosaccharides, amino acids and fatty acids. It accelerates glycolysis, the pentose phosphate cycle, and glycogen synthesis in liver",The disease is caused by variants affecting the gene represented in this entry | The disease is caused by variants affecting the gene represented in this entry | The disease is caused by variants affecting the gene represented in this entry | The disease is caused by variants affecting the gene represented in this entry
4EY9,X-ray,1.47 A,"A/C=90-110, B/D=25-54",110,"Insulin decreases blood glucose concentration. It increases cell permeability to monosaccharides, amino acids and fatty acids. It accelerates glycolysis, the pentose phosphate cycle, and glycogen synthesis in liver",The disease is caused by variants affecting the gene represented in this entry | The disease is caused by variants affecting the gene represented in this entry | The disease is caused by variants affecting the gene represented in this entry | The disease is caused by variants affecting the gene represented in this entry
4EYD,X-ray,1.47 A,"A/C=90-110, B/D=25-54",110,"Insulin decreases blood glucose concentration. It increases cell permeability to monosaccharides, amino acids and fatty acids. It accelerates glycolysis, the pentose phosphate cycle, and glycogen synthesis in liver",The disease is caused by variants affecting the gene represented in this entry | The disease is caused by variants affecting the gene represented in this entry | The disease is caused by variants affecting the gene represented in this entry | The disease is caused by variants affecting the gene represented in this entry
4EYN,X-ray,1.53 A,"A/C=90-110, B/D=25-54",110,"Insulin decreases blood glucose concentration. It increases cell permeability to monosaccharides, amino acids and fatty acids. It accelerates glycolysis, the pentose phosphate cycle, and glycogen synthesis in liver",The disease is caused by variants affecting the gene represented in this entry | The disease is caused by variants affecting the gene represented in this entry | The disease is caused by variants affecting the gene represented in this entry | The disease is caused by variants affecting the gene represented in this entry
4EYP,X-ray,1.59 A,"A/C=90-110, B/D=25-54",110,"Insulin decreases blood glucose concentration. It increases cell permeability to monosaccharides, amino acids and fatty acids. It accelerates glycolysis, the pentose phosphate cycle, and glycogen synthesis in liver",The disease is caused by variants affecting the gene represented in this entry | The disease is caused by variants affecting the gene represented in this entry | The disease is caused by variants affecting the gene represented in this entry | The disease is caused by variants affecting the gene represented in this entry
4F0N,X-ray,1.68 A,"A/C=90-110, B/D=25-54",110,"Insulin decreases blood glucose concentration. It increases cell permeability to monosaccharides, amino acids and fatty acids. It accelerates glycolysis, the pentose phosphate cycle, and glycogen synthesis in liver",The disease is caused by variants affecting the gene represented in this entry | The disease is caused by variants affecting the gene represented in this entry | The disease is caused by variants affecting the gene represented in this entry | The disease is caused by variants affecting the gene represented in this entry
4F0O,X-ray,1.67 A,"A/C=90-110, B/D=25-54",110,"Insulin decreases blood glucose concentration. It increases cell permeability to monosaccharides, amino acids and fatty acids. It accelerates glycolysis, the pentose phosphate cycle, and glycogen synthesis in liver",The disease is caused by variants affecting the gene represented in this entry | The disease is caused by variants affecting the gene represented in this entry | The disease is caused by variants affecting the gene represented in this entry | The disease is caused by variants affecting the gene represented in this entry
4F1A,X-ray,1.80 A,"A/C=90-110, B/D=25-54",110,"Insulin decreases blood glucose concentration. It increases cell permeability to monosaccharides, amino acids and fatty acids. It accelerates glycolysis, the pentose phosphate cycle, and glycogen synthesis in liver",The disease is caused by variants affecting the gene represented in this entry | The disease is caused by variants affecting the gene represented in this entry | The disease is caused by variants affecting the gene represented in this entry | The disease is caused by variants affecting the gene represented in this entry
4F1B,X-ray,1.59 A,"A/C=90-110, B/D=25-54",110,"Insulin decreases blood glucose concentration. It increases cell permeability to monosaccharides, amino acids and fatty acids. It accelerates glycolysis, the pentose phosphate cycle, and glycogen synthesis in liver",The disease is caused by variants affecting the gene represented in this entry | The disease is caused by variants affecting the gene represented in this entry | The disease is caused by variants affecting the gene represented in this entry | The disease is caused by variants affecting the gene represented in this entry
4F1C,X-ray,1.70 A,"A/C=90-110, B/D=25-54",110,"Insulin decreases blood glucose concentration. It increases cell permeability to monosaccharides, amino acids and fatty acids. It accelerates glycolysis, the pentose phosphate cycle, and glycogen synthesis in liver",The disease is caused by variants affecting the gene represented in this entry | The disease is caused by variants affecting the gene represented in this entry | The disease is caused by variants affecting the gene represented in this entry | The disease is caused by variants affecting the gene represented in this entry
4F1D,X-ray,1.64 A,"A/C=90-110, B/D=25-54",110,"Insulin decreases blood glucose concentration. It increases cell permeability to monosaccharides, amino acids and fatty acids. It accelerates glycolysis, the pentose phosphate cycle, and glycogen synthesis in liver",The disease is caused by variants affecting the gene represented in this entry | The disease is caused by variants affecting the gene represented in this entry | The disease is caused by variants affecting the gene represented in this entry | The disease is caused by variants affecting the gene represented in this entry
4F1F,X-ray,1.68 A,"A/C=90-110, B/D=25-54",110,"Insulin decreases blood glucose concentration. It increases cell permeability to monosaccharides, amino acids and fatty acids. It accelerates glycolysis, the pentose phosphate cycle, and glycogen synthesis in liver",The disease is caused by variants affecting the gene represented in this entry | The disease is caused by variants affecting the gene represented in this entry | The disease is caused by variants affecting the gene represented in this entry | The disease is caused by variants affecting the gene represented in this entry
4F1G,X-ray,1.64 A,"A/C=90-110, B/D=25-54",110,"Insulin decreases blood glucose concentration. It increases cell permeability to monosaccharides, amino acids and fatty acids. It accelerates glycolysis, the pentose phosphate cycle, and glycogen synthesis in liver",The disease is caused by variants affecting the gene represented in this entry | The disease is caused by variants affecting the gene represented in this entry | The disease is caused by variants affecting the gene represented in this entry | The disease is caused by variants affecting the gene represented in this entry
4F4T,X-ray,1.64 A,"A/C=90-110, B/D=25-54",110,"Insulin decreases blood glucose concentration. It increases cell permeability to monosaccharides, amino acids and fatty acids. It accelerates glycolysis, the pentose phosphate cycle, and glycogen synthesis in liver",The disease is caused by variants affecting the gene represented in this entry | The disease is caused by variants affecting the gene represented in this entry | The disease is caused by variants affecting the gene represented in this entry | The disease is caused by variants affecting the gene represented in this entry
4F4V,X-ray,1.64 A,"A/C=90-110, B/D=25-54",110,"Insulin decreases blood glucose concentration. It increases cell permeability to monosaccharides, amino acids and fatty acids. It accelerates glycolysis, the pentose phosphate cycle, and glycogen synthesis in liver",The disease is caused by variants affecting the gene represented in this entry | The disease is caused by variants affecting the gene represented in this entry | The disease is caused by variants affecting the gene represented in this entry | The disease is caused by variants affecting the gene represented in this entry
4F51,X-ray,1.64 A,"A/C=90-110, B/D=25-54",110,"Insulin decreases blood glucose concentration. It increases cell permeability to monosaccharides, amino acids and fatty acids. It accelerates glycolysis, the pentose phosphate cycle, and glycogen synthesis in liver",The disease is caused by variants affecting the gene represented in this entry | The disease is caused by variants affecting the gene represented in this entry | The disease is caused by variants affecting the gene represented in this entry | The disease is caused by variants affecting the gene represented in this entry
4F8F,X-ray,1.68 A,"A/C=90-110, B/D=25-54",110,"Insulin decreases blood glucose concentration. It increases cell permeability to monosaccharides, amino acids and fatty acids. It accelerates glycolysis, the pentose phosphate cycle, and glycogen synthesis in liver",The disease is caused by variants affecting the gene represented in this entry | The disease is caused by variants affecting the gene represented in this entry | The disease is caused by variants affecting the gene represented in this entry | The disease is caused by variants affecting the gene represented in this entry
4FG3,X-ray,2.00 A,"A/C=90-110, B/D=25-54",110,"Insulin decreases blood glucose concentration. It increases cell permeability to monosaccharides, amino acids and fatty acids. It accelerates glycolysis, the pentose phosphate cycle, and glycogen synthesis in liver",The disease is caused by variants affecting the gene represented in this entry | The disease is caused by variants affecting the gene represented in this entry | The disease is caused by variants affecting the gene represented in this entry | The disease is caused by variants affecting the gene represented in this entry
4FKA,X-ray,1.08 A,"A/C=90-110, B/D=25-54",110,"Insulin decreases blood glucose concentration. It increases cell permeability to monosaccharides, amino acids and fatty acids. It accelerates glycolysis, the pentose phosphate cycle, and glycogen synthesis in liver",The disease is caused by variants affecting the gene represented in this entry | The disease is caused by variants affecting the gene represented in this entry | The disease is caused by variants affecting the gene represented in this entry | The disease is caused by variants affecting the gene represented in this entry
4GBC,X-ray,1.78 A,"A/C=90-110, B/D=25-54",110,"Insulin decreases blood glucose concentration. It increases cell permeability to monosaccharides, amino acids and fatty acids. It accelerates glycolysis, the pentose phosphate cycle, and glycogen synthesis in liver",The disease is caused by variants affecting the gene represented in this entry | The disease is caused by variants affecting the gene represented in this entry | The disease is caused by variants affecting the gene represented in this entry | The disease is caused by variants affecting the gene represented in this entry
4GBI,X-ray,2.50 A,"A/C=90-110, B/D=25-54",110,"Insulin decreases blood glucose concentration. It increases cell permeability to monosaccharides, amino acids and fatty acids. It accelerates glycolysis, the pentose phosphate cycle, and glycogen synthesis in liver",The disease is caused by variants affecting the gene represented in this entry | The disease is caused by variants affecting the gene represented in this entry | The disease is caused by variants affecting the gene represented in this entry | The disease is caused by variants affecting the gene represented in this entry
4GBK,X-ray,2.40 A,"A/C=90-110, B/D=25-54",110,"Insulin decreases blood glucose concentration. It increases cell permeability to monosaccharides, amino acids and fatty acids. It accelerates glycolysis, the pentose phosphate cycle, and glycogen synthesis in liver",The disease is caused by variants affecting the gene represented in this entry | The disease is caused by variants affecting the gene represented in this entry | The disease is caused by variants affecting the gene represented in this entry | The disease is caused by variants affecting the gene represented in this entry
4GBL,X-ray,2.50 A,"A/C=90-110, B/D=25-54",110,"Insulin decreases blood glucose concentration. It increases cell permeability to monosaccharides, amino acids and fatty acids. It accelerates glycolysis, the pentose phosphate cycle, and glycogen synthesis in liver",The disease is caused by variants affecting the gene represented in this entry | The disease is caused by variants affecting the gene represented in this entry | The disease is caused by variants affecting the gene represented in this entry | The disease is caused by variants affecting the gene represented in this entry
4GBN,X-ray,1.87 A,"A/C=90-110, B/D=25-54",110,"Insulin decreases blood glucose concentration. It increases cell permeability to monosaccharides, amino acids and fatty acids. It accelerates glycolysis, the pentose phosphate cycle, and glycogen synthesis in liver",The disease is caused by variants affecting the gene represented in this entry | The disease is caused by variants affecting the gene represented in this entry | The disease is caused by variants affecting the gene represented in this entry | The disease is caused by variants affecting the gene represented in this entry
4IUZ,X-ray,1.60 A,"A=90-110, B=25-54",110,"Insulin decreases blood glucose concentration. It increases cell permeability to monosaccharides, amino acids and fatty acids. It accelerates glycolysis, the pentose phosphate cycle, and glycogen synthesis in liver",The disease is caused by variants affecting the gene represented in this entry | The disease is caused by variants affecting the gene represented in this entry | The disease is caused by variants affecting the gene represented in this entry | The disease is caused by variants affecting the gene represented in this entry
4IYD,X-ray,1.66 A,"A=90-109, B=25-53",110,"Insulin decreases blood glucose concentration. It increases cell permeability to monosaccharides, amino acids and fatty acids. It accelerates glycolysis, the pentose phosphate cycle, and glycogen synthesis in liver",The disease is caused by variants affecting the gene represented in this entry | The disease is caused by variants affecting the gene represented in this entry | The disease is caused by variants affecting the gene represented in this entry | The disease is caused by variants affecting the gene represented in this entry
4IYF,X-ray,1.80 A,"A=90-109, B=25-53",110,"Insulin decreases blood glucose concentration. It increases cell permeability to monosaccharides, amino acids and fatty acids. It accelerates glycolysis, the pentose phosphate cycle, and glycogen synthesis in liver",The disease is caused by variants affecting the gene represented in this entry | The disease is caused by variants affecting the gene represented in this entry | The disease is caused by variants affecting the gene represented in this entry | The disease is caused by variants affecting the gene represented in this entry
4NIB,X-ray,1.40 A,"A=90-110, B=25-54",110,"Insulin decreases blood glucose concentration. It increases cell permeability to monosaccharides, amino acids and fatty acids. It accelerates glycolysis, the pentose phosphate cycle, and glycogen synthesis in liver",The disease is caused by variants affecting the gene represented in this entry | The disease is caused by variants affecting the gene represented in this entry | The disease is caused by variants affecting the gene represented in this entry | The disease is caused by variants affecting the gene represented in this entry
4OGA,X-ray,3.50 A,"A=90-110, B=25-54",110,"Insulin decreases blood glucose concentration. It increases cell permeability to monosaccharides, amino acids and fatty acids. It accelerates glycolysis, the pentose phosphate cycle, and glycogen synthesis in liver",The disease is caused by variants affecting the gene represented in this entry | The disease is caused by variants affecting the gene represented in this entry | The disease is caused by variants affecting the gene represented in this entry | The disease is caused by variants affecting the gene represented in this entry
4P65,X-ray,1.50 A,"A/C/E/G/I/K=90-110, B/D/F/H/J/L=25-54",110,"Insulin decreases blood glucose concentration. It increases cell permeability to monosaccharides, amino acids and fatty acids. It accelerates glycolysis, the pentose phosphate cycle, and glycogen synthesis in liver",The disease is caused by variants affecting the gene represented in this entry | The disease is caused by variants affecting the gene represented in this entry | The disease is caused by variants affecting the gene represented in this entry | The disease is caused by variants affecting the gene represented in this entry
4RXW,X-ray,1.73 A,"A/C=90-110, B/D=25-54",110,"Insulin decreases blood glucose concentration. It increases cell permeability to monosaccharides, amino acids and fatty acids. It accelerates glycolysis, the pentose phosphate cycle, and glycogen synthesis in liver",The disease is caused by variants affecting the gene represented in this entry | The disease is caused by variants affecting the gene represented in this entry | The disease is caused by variants affecting the gene represented in this entry | The disease is caused by variants affecting the gene represented in this entry
4UNE,X-ray,1.59 A,"A/C=90-110, B/D=25-54",110,"Insulin decreases blood glucose concentration. It increases cell permeability to monosaccharides, amino acids and fatty acids. It accelerates glycolysis, the pentose phosphate cycle, and glycogen synthesis in liver",The disease is caused by variants affecting the gene represented in this entry | The disease is caused by variants affecting the gene represented in this entry | The disease is caused by variants affecting the gene represented in this entry | The disease is caused by variants affecting the gene represented in this entry
4UNG,X-ray,1.81 A,"A/C=90-110, B/D=25-54",110,"Insulin decreases blood glucose concentration. It increases cell permeability to monosaccharides, amino acids and fatty acids. It accelerates glycolysis, the pentose phosphate cycle, and glycogen synthesis in liver",The disease is caused by variants affecting the gene represented in this entry | The disease is caused by variants affecting the gene represented in this entry | The disease is caused by variants affecting the gene represented in this entry | The disease is caused by variants affecting the gene represented in this entry
4UNH,X-ray,2.75 A,"A=90-110, B=25-54",110,"Insulin decreases blood glucose concentration. It increases cell permeability to monosaccharides, amino acids and fatty acids. It accelerates glycolysis, the pentose phosphate cycle, and glycogen synthesis in liver",The disease is caused by variants affecting the gene represented in this entry | The disease is caused by variants affecting the gene represented in this entry | The disease is caused by variants affecting the gene represented in this entry | The disease is caused by variants affecting the gene represented in this entry
4WDI,X-ray,2.31 A,C/F=39-47,110,"Insulin decreases blood glucose concentration. It increases cell permeability to monosaccharides, amino acids and fatty acids. It accelerates glycolysis, the pentose phosphate cycle, and glycogen synthesis in liver",The disease is caused by variants affecting the gene represented in this entry | The disease is caused by variants affecting the gene represented in this entry | The disease is caused by variants affecting the gene represented in this entry | The disease is caused by variants affecting the gene represented in this entry
4XC4,X-ray,1.50 A,"A/C=90-110, B/D=25-54",110,"Insulin decreases blood glucose concentration. It increases cell permeability to monosaccharides, amino acids and fatty acids. It accelerates glycolysis, the pentose phosphate cycle, and glycogen synthesis in liver",The disease is caused by variants affecting the gene represented in this entry | The disease is caused by variants affecting the gene represented in this entry | The disease is caused by variants affecting the gene represented in this entry | The disease is caused by variants affecting the gene represented in this entry
4Y19,X-ray,2.50 A,C=75-90,110,"Insulin decreases blood glucose concentration. It increases cell permeability to monosaccharides, amino acids and fatty acids. It accelerates glycolysis, the pentose phosphate cycle, and glycogen synthesis in liver",The disease is caused by variants affecting the gene represented in this entry | The disease is caused by variants affecting the gene represented in this entry | The disease is caused by variants affecting the gene represented in this entry | The disease is caused by variants affecting the gene represented in this entry
4Y1A,X-ray,4.00 A,C=75-90,110,"Insulin decreases blood glucose concentration. It increases cell permeability to monosaccharides, amino acids and fatty acids. It accelerates glycolysis, the pentose phosphate cycle, and glycogen synthesis in liver",The disease is caused by variants affecting the gene represented in this entry | The disease is caused by variants affecting the gene represented in this entry | The disease is caused by variants affecting the gene represented in this entry | The disease is caused by variants affecting the gene represented in this entry
4Z76,X-ray,1.88 A,C/F=39-46,110,"Insulin decreases blood glucose concentration. It increases cell permeability to monosaccharides, amino acids and fatty acids. It accelerates glycolysis, the pentose phosphate cycle, and glycogen synthesis in liver",The disease is caused by variants affecting the gene represented in this entry | The disease is caused by variants affecting the gene represented in this entry | The disease is caused by variants affecting the gene represented in this entry | The disease is caused by variants affecting the gene represented in this entry
4Z77,X-ray,1.85 A,C/F=39-47,110,"Insulin decreases blood glucose concentration. It increases cell permeability to monosaccharides, amino acids and fatty acids. It accelerates glycolysis, the pentose phosphate cycle, and glycogen synthesis in liver",The disease is caused by variants affecting the gene represented in this entry | The disease is caused by variants affecting the gene represented in this entry | The disease is caused by variants affecting the gene represented in this entry | The disease is caused by variants affecting the gene represented in this entry
4Z78,X-ray,2.30 A,C/F/I=39-48,110,"Insulin decreases blood glucose concentration. It increases cell permeability to monosaccharides, amino acids and fatty acids. It accelerates glycolysis, the pentose phosphate cycle, and glycogen synthesis in liver",The disease is caused by variants affecting the gene represented in this entry | The disease is caused by variants affecting the gene represented in this entry | The disease is caused by variants affecting the gene represented in this entry | The disease is caused by variants affecting the gene represented in this entry
5AIY,NMR,-,"A/C/E/G/I/K=90-110, B/D/F/H/J/L=25-54",110,"Insulin decreases blood glucose concentration. It increases cell permeability to monosaccharides, amino acids and fatty acids. It accelerates glycolysis, the pentose phosphate cycle, and glycogen synthesis in liver",The disease is caused by variants affecting the gene represented in this entry | The disease is caused by variants affecting the gene represented in this entry | The disease is caused by variants affecting the gene represented in this entry | The disease is caused by variants affecting the gene represented in this entry
5BOQ,X-ray,1.70 A,"A/C/E/G=90-110, B/D/F/H=25-54",110,"Insulin decreases blood glucose concentration. It increases cell permeability to monosaccharides, amino acids and fatty acids. It accelerates glycolysis, the pentose phosphate cycle, and glycogen synthesis in liver",The disease is caused by variants affecting the gene represented in this entry | The disease is caused by variants affecting the gene represented in this entry | The disease is caused by variants affecting the gene represented in this entry | The disease is caused by variants affecting the gene represented in this entry
5BPO,X-ray,1.90 A,"A/C=90-110, B/D=25-54",110,"Insulin decreases blood glucose concentration. It increases cell permeability to monosaccharides, amino acids and fatty acids. It accelerates glycolysis, the pentose phosphate cycle, and glycogen synthesis in liver",The disease is caused by variants affecting the gene represented in this entry | The disease is caused by variants affecting the gene represented in this entry | The disease is caused by variants affecting the gene represented in this entry | The disease is caused by variants affecting the gene represented in this entry
5BQQ,X-ray,1.54 A,"A/C/E/G/I/K=90-110, B/D/F/H/J/L=25-50",110,"Insulin decreases blood glucose concentration. It increases cell permeability to monosaccharides, amino acids and fatty acids. It accelerates glycolysis, the pentose phosphate cycle, and glycogen synthesis in liver",The disease is caused by variants affecting the gene represented in this entry | The disease is caused by variants affecting the gene represented in this entry | The disease is caused by variants affecting the gene represented in this entry | The disease is caused by variants affecting the gene represented in this entry
5BTS,X-ray,1.77 A,"A=90-110, B=25-54",110,"Insulin decreases blood glucose concentration. It increases cell permeability to monosaccharides, amino acids and fatty acids. It accelerates glycolysis, the pentose phosphate cycle, and glycogen synthesis in liver",The disease is caused by variants affecting the gene represented in this entry | The disease is caused by variants affecting the gene represented in this entry | The disease is caused by variants affecting the gene represented in this entry | The disease is caused by variants affecting the gene represented in this entry
5C0D,X-ray,1.68 A,C=15-24,110,"Insulin decreases blood glucose concentration. It increases cell permeability to monosaccharides, amino acids and fatty acids. It accelerates glycolysis, the pentose phosphate cycle, and glycogen synthesis in liver",The disease is caused by variants affecting the gene represented in this entry | The disease is caused by variants affecting the gene represented in this entry | The disease is caused by variants affecting the gene represented in this entry | The disease is caused by variants affecting the gene represented in this entry
5CJO,X-ray,3.29 A,a=90-109,110,"Insulin decreases blood glucose concentration. It increases cell permeability to monosaccharides, amino acids and fatty acids. It accelerates glycolysis, the pentose phosphate cycle, and glycogen synthesis in liver",The disease is caused by variants affecting the gene represented in this entry | The disease is caused by variants affecting the gene represented in this entry | The disease is caused by variants affecting the gene represented in this entry | The disease is caused by variants affecting the gene represented in this entry
5CNY,X-ray,1.70 A,"A/C=90-110, B/D=25-54",110,"Insulin decreases blood glucose concentration. It increases cell permeability to monosaccharides, amino acids and fatty acids. It accelerates glycolysis, the pentose phosphate cycle, and glycogen synthesis in liver",The disease is caused by variants affecting the gene represented in this entry | The disease is caused by variants affecting the gene represented in this entry | The disease is caused by variants affecting the gene represented in this entry | The disease is caused by variants affecting the gene represented in this entry
5CO2,X-ray,1.70 A,"A/C=90-110, B/D=25-54",110,"Insulin decreases blood glucose concentration. It increases cell permeability to monosaccharides, amino acids and fatty acids. It accelerates glycolysis, the pentose phosphate cycle, and glycogen synthesis in liver",The disease is caused by variants affecting the gene represented in this entry | The disease is caused by variants affecting the gene represented in this entry | The disease is caused by variants affecting the gene represented in this entry | The disease is caused by variants affecting the gene represented in this entry
5CO6,X-ray,1.80 A,"A/C=90-110, B/D=25-54",110,"Insulin decreases blood glucose concentration. It increases cell permeability to monosaccharides, amino acids and fatty acids. It accelerates glycolysis, the pentose phosphate cycle, and glycogen synthesis in liver",The disease is caused by variants affecting the gene represented in this entry | The disease is caused by variants affecting the gene represented in this entry | The disease is caused by variants affecting the gene represented in this entry | The disease is caused by variants affecting the gene represented in this entry
5CO9,X-ray,1.92 A,"A/C=90-110, B/D=25-54",110,"Insulin decreases blood glucose concentration. It increases cell permeability to monosaccharides, amino acids and fatty acids. It accelerates glycolysis, the pentose phosphate cycle, and glycogen synthesis in liver",The disease is caused by variants affecting the gene represented in this entry | The disease is caused by variants affecting the gene represented in this entry | The disease is caused by variants affecting the gene represented in this entry | The disease is caused by variants affecting the gene represented in this entry
5E7W,X-ray,0.95 A,"A/C=90-110, B/D=25-54",110,"Insulin decreases blood glucose concentration. It increases cell permeability to monosaccharides, amino acids and fatty acids. It accelerates glycolysis, the pentose phosphate cycle, and glycogen synthesis in liver",The disease is caused by variants affecting the gene represented in this entry | The disease is caused by variants affecting the gene represented in this entry | The disease is caused by variants affecting the gene represented in this entry | The disease is caused by variants affecting the gene represented in this entry
5EMS,X-ray,2.30 A,"A/C/E/G/I/K=90-110, B/D/F/H/J/L=25-52",110,"Insulin decreases blood glucose concentration. It increases cell permeability to monosaccharides, amino acids and fatty acids. It accelerates glycolysis, the pentose phosphate cycle, and glycogen synthesis in liver",The disease is caused by variants affecting the gene represented in this entry | The disease is caused by variants affecting the gene represented in this entry | The disease is caused by variants affecting the gene represented in this entry | The disease is caused by variants affecting the gene represented in this entry
5EN9,X-ray,1.50 A,"A=90-110, B=25-54",110,"Insulin decreases blood glucose concentration. It increases cell permeability to monosaccharides, amino acids and fatty acids. It accelerates glycolysis, the pentose phosphate cycle, and glycogen synthesis in liver",The disease is caused by variants affecting the gene represented in this entry | The disease is caused by variants affecting the gene represented in this entry | The disease is caused by variants affecting the gene represented in this entry | The disease is caused by variants affecting the gene represented in this entry
5ENA,X-ray,1.35 A,"A=90-110, B=25-54",110,"Insulin decreases blood glucose concentration. It increases cell permeability to monosaccharides, amino acids and fatty acids. It accelerates glycolysis, the pentose phosphate cycle, and glycogen synthesis in liver",The disease is caused by variants affecting the gene represented in this entry | The disease is caused by variants affecting the gene represented in this entry | The disease is caused by variants affecting the gene represented in this entry | The disease is caused by variants affecting the gene represented in this entry
5HPR,X-ray,1.33 A,"A=90-110, B=25-54",110,"Insulin decreases blood glucose concentration. It increases cell permeability to monosaccharides, amino acids and fatty acids. It accelerates glycolysis, the pentose phosphate cycle, and glycogen synthesis in liver",The disease is caused by variants affecting the gene represented in this entry | The disease is caused by variants affecting the gene represented in this entry | The disease is caused by variants affecting the gene represented in this entry | The disease is caused by variants affecting the gene represented in this entry
5HPU,X-ray,2.20 A,"A/C=90-110, B/D=25-54",110,"Insulin decreases blood glucose concentration. It increases cell permeability to monosaccharides, amino acids and fatty acids. It accelerates glycolysis, the pentose phosphate cycle, and glycogen synthesis in liver",The disease is caused by variants affecting the gene represented in this entry | The disease is caused by variants affecting the gene represented in this entry | The disease is caused by variants affecting the gene represented in this entry | The disease is caused by variants affecting the gene represented in this entry
5HQI,X-ray,0.97 A,"A=90-110, B=25-54",110,"Insulin decreases blood glucose concentration. It increases cell permeability to monosaccharides, amino acids and fatty acids. It accelerates glycolysis, the pentose phosphate cycle, and glycogen synthesis in liver",The disease is caused by variants affecting the gene represented in this entry | The disease is caused by variants affecting the gene represented in this entry | The disease is caused by variants affecting the gene represented in this entry | The disease is caused by variants affecting the gene represented in this entry
5HRQ,X-ray,1.28 A,"A/C/E/G/I/K=90-110, B/D/F/H/J/L=25-54",110,"Insulin decreases blood glucose concentration. It increases cell permeability to monosaccharides, amino acids and fatty acids. It accelerates glycolysis, the pentose phosphate cycle, and glycogen synthesis in liver",The disease is caused by variants affecting the gene represented in this entry | The disease is caused by variants affecting the gene represented in this entry | The disease is caused by variants affecting the gene represented in this entry | The disease is caused by variants affecting the gene represented in this entry
5HYJ,X-ray,3.06 A,C/H=15-24,110,"Insulin decreases blood glucose concentration. It increases cell permeability to monosaccharides, amino acids and fatty acids. It accelerates glycolysis, the pentose phosphate cycle, and glycogen synthesis in liver",The disease is caused by variants affecting the gene represented in this entry | The disease is caused by variants affecting the gene represented in this entry | The disease is caused by variants affecting the gene represented in this entry | The disease is caused by variants affecting the gene represented in this entry
5MAM,X-ray,2.20 A,"0/2/4/A/C/E/G/I/K/M/O/Q/S/U/W/Y=90-110, 1/3/5/B/D/F/H/J/L/N/P/R/T/V/X/Z=25-54",110,"Insulin decreases blood glucose concentration. It increases cell permeability to monosaccharides, amino acids and fatty acids. It accelerates glycolysis, the pentose phosphate cycle, and glycogen synthesis in liver",The disease is caused by variants affecting the gene represented in this entry | The disease is caused by variants affecting the gene represented in this entry | The disease is caused by variants affecting the gene represented in this entry | The disease is caused by variants affecting the gene represented in this entry
5MHD,NMR,-,"A=90-110, B=25-55",110,"Insulin decreases blood glucose concentration. It increases cell permeability to monosaccharides, amino acids and fatty acids. It accelerates glycolysis, the pentose phosphate cycle, and glycogen synthesis in liver",The disease is caused by variants affecting the gene represented in this entry | The disease is caused by variants affecting the gene represented in this entry | The disease is caused by variants affecting the gene represented in this entry | The disease is caused by variants affecting the gene represented in this entry
5MT3,X-ray,2.02 A,"A/C/E/G/I/K/M/O/Q/S/U/W/Y/a/c/e=90-110, B/D/F/H/J/L/N/P/R/T/V/X/Z/b/d/f=25-54",110,"Insulin decreases blood glucose concentration. It increases cell permeability to monosaccharides, amino acids and fatty acids. It accelerates glycolysis, the pentose phosphate cycle, and glycogen synthesis in liver",The disease is caused by variants affecting the gene represented in this entry | The disease is caused by variants affecting the gene represented in this entry | The disease is caused by variants affecting the gene represented in this entry | The disease is caused by variants affecting the gene represented in this entry
5MT9,X-ray,1.88 A,"A/C/E/G/I/K/M/O/Q/S/U/W/Y/a/c/e=90-110, B/D/F/H/J/L/N/P/R/T/V/X/Z/b/d/f=25-54",110,"Insulin decreases blood glucose concentration. It increases cell permeability to monosaccharides, amino acids and fatty acids. It accelerates glycolysis, the pentose phosphate cycle, and glycogen synthesis in liver",The disease is caused by variants affecting the gene represented in this entry | The disease is caused by variants affecting the gene represented in this entry | The disease is caused by variants affecting the gene represented in this entry | The disease is caused by variants affecting the gene represented in this entry
5MWQ,NMR,-,"A=90-110, B=25-56",110,"Insulin decreases blood glucose concentration. It increases cell permeability to monosaccharides, amino acids and fatty acids. It accelerates glycolysis, the pentose phosphate cycle, and glycogen synthesis in liver",The disease is caused by variants affecting the gene represented in this entry | The disease is caused by variants affecting the gene represented in this entry | The disease is caused by variants affecting the gene represented in this entry | The disease is caused by variants affecting the gene represented in this entry
5T7R,X-ray,1.55 A,"A/C=90-110, B/D=25-54",110,"Insulin decreases blood glucose concentration. It increases cell permeability to monosaccharides, amino acids and fatty acids. It accelerates glycolysis, the pentose phosphate cycle, and glycogen synthesis in liver",The disease is caused by variants affecting the gene represented in this entry | The disease is caused by variants affecting the gene represented in this entry | The disease is caused by variants affecting the gene represented in this entry | The disease is caused by variants affecting the gene represented in this entry
5UDP,X-ray,1.35 A,"A/C/E/G/I/K=90-110, B/D/F/H/J/L=25-54",110,"Insulin decreases blood glucose concentration. It increases cell permeability to monosaccharides, amino acids and fatty acids. It accelerates glycolysis, the pentose phosphate cycle, and glycogen synthesis in liver",The disease is caused by variants affecting the gene represented in this entry | The disease is caused by variants affecting the gene represented in this entry | The disease is caused by variants affecting the gene represented in this entry | The disease is caused by variants affecting the gene represented in this entry
5UOZ,X-ray,1.17 A,"A=90-110, B=25-54",110,"Insulin decreases blood glucose concentration. It increases cell permeability to monosaccharides, amino acids and fatty acids. It accelerates glycolysis, the pentose phosphate cycle, and glycogen synthesis in liver",The disease is caused by variants affecting the gene represented in this entry | The disease is caused by variants affecting the gene represented in this entry | The disease is caused by variants affecting the gene represented in this entry | The disease is caused by variants affecting the gene represented in this entry
5UQA,X-ray,1.31 A,"A/C/E/G/I/K=90-110, B/D/F/H/J/L=25-54",110,"Insulin decreases blood glucose concentration. It increases cell permeability to monosaccharides, amino acids and fatty acids. It accelerates glycolysis, the pentose phosphate cycle, and glycogen synthesis in liver",The disease is caused by variants affecting the gene represented in this entry | The disease is caused by variants affecting the gene represented in this entry | The disease is caused by variants affecting the gene represented in this entry | The disease is caused by variants affecting the gene represented in this entry
5URT,X-ray,1.18 A,"A=90-110, B=25-54",110,"Insulin decreases blood glucose concentration. It increases cell permeability to monosaccharides, amino acids and fatty acids. It accelerates glycolysis, the pentose phosphate cycle, and glycogen synthesis in liver",The disease is caused by variants affecting the gene represented in this entry | The disease is caused by variants affecting the gene represented in this entry | The disease is caused by variants affecting the gene represented in this entry | The disease is caused by variants affecting the gene represented in this entry
5URU,X-ray,2.41 A,"A/C/E/G=90-110, B/D/F/H=25-54",110,"Insulin decreases blood glucose concentration. It increases cell permeability to monosaccharides, amino acids and fatty acids. It accelerates glycolysis, the pentose phosphate cycle, and glycogen synthesis in liver",The disease is caused by variants affecting the gene represented in this entry | The disease is caused by variants affecting the gene represented in this entry | The disease is caused by variants affecting the gene represented in this entry | The disease is caused by variants affecting the gene represented in this entry
5USP,X-ray,1.17 A,"A=90-110, B=25-54",110,"Insulin decreases blood glucose concentration. It increases cell permeability to monosaccharides, amino acids and fatty acids. It accelerates glycolysis, the pentose phosphate cycle, and glycogen synthesis in liver",The disease is caused by variants affecting the gene represented in this entry | The disease is caused by variants affecting the gene represented in this entry | The disease is caused by variants affecting the gene represented in this entry | The disease is caused by variants affecting the gene represented in this entry
5USS,X-ray,2.06 A,"A/C=90-110, B/D=25-54",110,"Insulin decreases blood glucose concentration. It increases cell permeability to monosaccharides, amino acids and fatty acids. It accelerates glycolysis, the pentose phosphate cycle, and glycogen synthesis in liver",The disease is caused by variants affecting the gene represented in this entry | The disease is caused by variants affecting the gene represented in this entry | The disease is caused by variants affecting the gene represented in this entry | The disease is caused by variants affecting the gene represented in this entry
5USV,X-ray,1.30 A,"A=90-110, B=25-54",110,"Insulin decreases blood glucose concentration. It increases cell permeability to monosaccharides, amino acids and fatty acids. It accelerates glycolysis, the pentose phosphate cycle, and glycogen synthesis in liver",The disease is caused by variants affecting the gene represented in this entry | The disease is caused by variants affecting the gene represented in this entry | The disease is caused by variants affecting the gene represented in this entry | The disease is caused by variants affecting the gene represented in this entry
5UU2,X-ray,1.22 A,"A=90-110, B=25-54",110,"Insulin decreases blood glucose concentration. It increases cell permeability to monosaccharides, amino acids and fatty acids. It accelerates glycolysis, the pentose phosphate cycle, and glycogen synthesis in liver",The disease is caused by variants affecting the gene represented in this entry | The disease is caused by variants affecting the gene represented in this entry | The disease is caused by variants affecting the gene represented in this entry | The disease is caused by variants affecting the gene represented in this entry
5UU3,X-ray,2.25 A,"A/C/E/G/I/K/M/O/Q/S/U/W=90-110, B/D/F/H/J/L/N/P/R/T/V/X=25-54",110,"Insulin decreases blood glucose concentration. It increases cell permeability to monosaccharides, amino acids and fatty acids. It accelerates glycolysis, the pentose phosphate cycle, and glycogen synthesis in liver",The disease is caused by variants affecting the gene represented in this entry | The disease is caused by variants affecting the gene represented in this entry | The disease is caused by variants affecting the gene represented in this entry | The disease is caused by variants affecting the gene represented in this entry
5UU4,X-ray,1.97 A,"A/C=90-110, B/D=25-54",110,"Insulin decreases blood glucose concentration. It increases cell permeability to monosaccharides, amino acids and fatty acids. It accelerates glycolysis, the pentose phosphate cycle, and glycogen synthesis in liver",The disease is caused by variants affecting the gene represented in this entry | The disease is caused by variants affecting the gene represented in this entry | The disease is caused by variants affecting the gene represented in this entry | The disease is caused by variants affecting the gene represented in this entry
5VIZ,X-ray,1.70 A,"A=90-109, B=25-53",110,"Insulin decreases blood glucose concentration. It increases cell permeability to monosaccharides, amino acids and fatty acids. It accelerates glycolysis, the pentose phosphate cycle, and glycogen synthesis in liver",The disease is caused by variants affecting the gene represented in this entry | The disease is caused by variants affecting the gene represented in this entry | The disease is caused by variants affecting the gene represented in this entry | The disease is caused by variants affecting the gene represented in this entry
5WBT,NMR,-,"A=25-54, A=90-110",110,"Insulin decreases blood glucose concentration. It increases cell permeability to monosaccharides, amino acids and fatty acids. It accelerates glycolysis, the pentose phosphate cycle, and glycogen synthesis in liver",The disease is caused by variants affecting the gene represented in this entry | The disease is caused by variants affecting the gene represented in this entry | The disease is caused by variants affecting the gene represented in this entry | The disease is caused by variants affecting the gene represented in this entry
5WDM,X-ray,2.80 A,A/B/C/D/E/F=25-110,110,"Insulin decreases blood glucose concentration. It increases cell permeability to monosaccharides, amino acids and fatty acids. It accelerates glycolysis, the pentose phosphate cycle, and glycogen synthesis in liver",The disease is caused by variants affecting the gene represented in this entry | The disease is caused by variants affecting the gene represented in this entry | The disease is caused by variants affecting the gene represented in this entry | The disease is caused by variants affecting the gene represented in this entry
5WOB,X-ray,3.95 A,a/b/c/d/e/f/g/h=90-109,110,"Insulin decreases blood glucose concentration. It increases cell permeability to monosaccharides, amino acids and fatty acids. It accelerates glycolysis, the pentose phosphate cycle, and glycogen synthesis in liver",The disease is caused by variants affecting the gene represented in this entry | The disease is caused by variants affecting the gene represented in this entry | The disease is caused by variants affecting the gene represented in this entry | The disease is caused by variants affecting the gene represented in this entry
6B3Q,EM,3.70 A,a/b=1-110,110,"Insulin decreases blood glucose concentration. It increases cell permeability to monosaccharides, amino acids and fatty acids. It accelerates glycolysis, the pentose phosphate cycle, and glycogen synthesis in liver",The disease is caused by variants affecting the gene represented in this entry | The disease is caused by variants affecting the gene represented in this entry | The disease is caused by variants affecting the gene represented in this entry | The disease is caused by variants affecting the gene represented in this entry
6B70,EM,3.70 A,a/c=1-110,110,"Insulin decreases blood glucose concentration. It increases cell permeability to monosaccharides, amino acids and fatty acids. It accelerates glycolysis, the pentose phosphate cycle, and glycogen synthesis in liver",The disease is caused by variants affecting the gene represented in this entry | The disease is caused by variants affecting the gene represented in this entry | The disease is caused by variants affecting the gene represented in this entry | The disease is caused by variants affecting the gene represented in this entry
6BFC,EM,3.70 A,a/b=1-110,110,"Insulin decreases blood glucose concentration. It increases cell permeability to monosaccharides, amino acids and fatty acids. It accelerates glycolysis, the pentose phosphate cycle, and glycogen synthesis in liver",The disease is caused by variants affecting the gene represented in this entry | The disease is caused by variants affecting the gene represented in this entry | The disease is caused by variants affecting the gene represented in this entry | The disease is caused by variants affecting the gene represented in this entry
6CE7,EM,7.40 A,N=90-110,110,"Insulin decreases blood glucose concentration. It increases cell permeability to monosaccharides, amino acids and fatty acids. It accelerates glycolysis, the pentose phosphate cycle, and glycogen synthesis in liver",The disease is caused by variants affecting the gene represented in this entry | The disease is caused by variants affecting the gene represented in this entry | The disease is caused by variants affecting the gene represented in this entry | The disease is caused by variants affecting the gene represented in this entry
6CE9,EM,4.30 A,K/N=90-110,110,"Insulin decreases blood glucose concentration. It increases cell permeability to monosaccharides, amino acids and fatty acids. It accelerates glycolysis, the pentose phosphate cycle, and glycogen synthesis in liver",The disease is caused by variants affecting the gene represented in this entry | The disease is caused by variants affecting the gene represented in this entry | The disease is caused by variants affecting the gene represented in this entry | The disease is caused by variants affecting the gene represented in this entry
6CEB,EM,4.70 A,K/N=90-110,110,"Insulin decreases blood glucose concentration. It increases cell permeability to monosaccharides, amino acids and fatty acids. It accelerates glycolysis, the pentose phosphate cycle, and glycogen synthesis in liver",The disease is caused by variants affecting the gene represented in this entry | The disease is caused by variants affecting the gene represented in this entry | The disease is caused by variants affecting the gene represented in this entry | The disease is caused by variants affecting the gene represented in this entry
6CK2,X-ray,2.25 A,"A/C=90-110, B/D=25-54",110,"Insulin decreases blood glucose concentration. It increases cell permeability to monosaccharides, amino acids and fatty acids. It accelerates glycolysis, the pentose phosphate cycle, and glycogen synthesis in liver",The disease is caused by variants affecting the gene represented in this entry | The disease is caused by variants affecting the gene represented in this entry | The disease is caused by variants affecting the gene represented in this entry | The disease is caused by variants affecting the gene represented in this entry
6GNQ,X-ray,2.20 A,"A/C/E/G/I/K/M/O/Q/S/U/W=90-110, B/D/F/H/J/L/N/P/R/T/V/X=25-54",110,"Insulin decreases blood glucose concentration. It increases cell permeability to monosaccharides, amino acids and fatty acids. It accelerates glycolysis, the pentose phosphate cycle, and glycogen synthesis in liver",The disease is caused by variants affecting the gene represented in this entry | The disease is caused by variants affecting the gene represented in this entry | The disease is caused by variants affecting the gene represented in this entry | The disease is caused by variants affecting the gene represented in this entry
6GV0,X-ray,1.26 A,"B/D=25-54, G/I=90-110",110,"Insulin decreases blood glucose concentration. It increases cell permeability to monosaccharides, amino acids and fatty acids. It accelerates glycolysis, the pentose phosphate cycle, and glycogen synthesis in liver",The disease is caused by variants affecting the gene represented in this entry | The disease is caused by variants affecting the gene represented in this entry | The disease is caused by variants affecting the gene represented in this entry | The disease is caused by variants affecting the gene represented in this entry
6H3M,X-ray,1.82 A,"A/C/E/G/I/K/N/R=90-110, B/D/F/H/J/L/P/Q=25-54",110,"Insulin decreases blood glucose concentration. It increases cell permeability to monosaccharides, amino acids and fatty acids. It accelerates glycolysis, the pentose phosphate cycle, and glycogen synthesis in liver",The disease is caused by variants affecting the gene represented in this entry | The disease is caused by variants affecting the gene represented in this entry | The disease is caused by variants affecting the gene represented in this entry | The disease is caused by variants affecting the gene represented in this entry
6HN5,EM,3.20 A,"A=90-110, B=25-54",110,"Insulin decreases blood glucose concentration. It increases cell permeability to monosaccharides, amino acids and fatty acids. It accelerates glycolysis, the pentose phosphate cycle, and glycogen synthesis in liver",The disease is caused by variants affecting the gene represented in this entry | The disease is caused by variants affecting the gene represented in this entry | The disease is caused by variants affecting the gene represented in this entry | The disease is caused by variants affecting the gene represented in this entry
6JK8,EM,4.70 A,C/D=1-110,110,"Insulin decreases blood glucose concentration. It increases cell permeability to monosaccharides, amino acids and fatty acids. It accelerates glycolysis, the pentose phosphate cycle, and glycogen synthesis in liver",The disease is caused by variants affecting the gene represented in this entry | The disease is caused by variants affecting the gene represented in this entry | The disease is caused by variants affecting the gene represented in this entry | The disease is caused by variants affecting the gene represented in this entry
6JR3,EM,14.50 A,"A/C/E/G/I/K=90-110, B/D/F/H/J/L=25-54",110,"Insulin decreases blood glucose concentration. It increases cell permeability to monosaccharides, amino acids and fatty acids. It accelerates glycolysis, the pentose phosphate cycle, and glycogen synthesis in liver",The disease is caused by variants affecting the gene represented in this entry | The disease is caused by variants affecting the gene represented in this entry | The disease is caused by variants affecting the gene represented in this entry | The disease is caused by variants affecting the gene represented in this entry
6K59,NMR,-,"A=90-109, B=25-56",110,"Insulin decreases blood glucose concentration. It increases cell permeability to monosaccharides, amino acids and fatty acids. It accelerates glycolysis, the pentose phosphate cycle, and glycogen synthesis in liver",The disease is caused by variants affecting the gene represented in this entry | The disease is caused by variants affecting the gene represented in this entry | The disease is caused by variants affecting the gene represented in this entry | The disease is caused by variants affecting the gene represented in this entry
6NWV,X-ray,1.60 A,"A/C/E/G/I/K=90-110, B/D/F/H/J/L=25-54",110,"Insulin decreases blood glucose concentration. It increases cell permeability to monosaccharides, amino acids and fatty acids. It accelerates glycolysis, the pentose phosphate cycle, and glycogen synthesis in liver",The disease is caused by variants affecting the gene represented in this entry | The disease is caused by variants affecting the gene represented in this entry | The disease is caused by variants affecting the gene represented in this entry | The disease is caused by variants affecting the gene represented in this entry
6O17,X-ray,1.58 A,"A=90-110, B=25-53",110,"Insulin decreases blood glucose concentration. It increases cell permeability to monosaccharides, amino acids and fatty acids. It accelerates glycolysis, the pentose phosphate cycle, and glycogen synthesis in liver",The disease is caused by variants affecting the gene represented in this entry | The disease is caused by variants affecting the gene represented in this entry | The disease is caused by variants affecting the gene represented in this entry | The disease is caused by variants affecting the gene represented in this entry
6P4Z,X-ray,1.80 A,"A/C=90-110, B/D=25-54",110,"Insulin decreases blood glucose concentration. It increases cell permeability to monosaccharides, amino acids and fatty acids. It accelerates glycolysis, the pentose phosphate cycle, and glycogen synthesis in liver",The disease is caused by variants affecting the gene represented in this entry | The disease is caused by variants affecting the gene represented in this entry | The disease is caused by variants affecting the gene represented in this entry | The disease is caused by variants affecting the gene represented in this entry
6S34,X-ray,1.35 A,"A=90-110, B=25-54",110,"Insulin decreases blood glucose concentration. It increases cell permeability to monosaccharides, amino acids and fatty acids. It accelerates glycolysis, the pentose phosphate cycle, and glycogen synthesis in liver",The disease is caused by variants affecting the gene represented in this entry | The disease is caused by variants affecting the gene represented in this entry | The disease is caused by variants affecting the gene represented in this entry | The disease is caused by variants affecting the gene represented in this entry
6S4I,X-ray,1.51 A,"A=90-110, B=25-53",110,"Insulin decreases blood glucose concentration. It increases cell permeability to monosaccharides, amino acids and fatty acids. It accelerates glycolysis, the pentose phosphate cycle, and glycogen synthesis in liver",The disease is caused by variants affecting the gene represented in this entry | The disease is caused by variants affecting the gene represented in this entry | The disease is caused by variants affecting the gene represented in this entry | The disease is caused by variants affecting the gene represented in this entry
6S4J,X-ray,1.50 A,"A=90-110, B=25-53",110,"Insulin decreases blood glucose concentration. It increases cell permeability to monosaccharides, amino acids and fatty acids. It accelerates glycolysis, the pentose phosphate cycle, and glycogen synthesis in liver",The disease is caused by variants affecting the gene represented in this entry | The disease is caused by variants affecting the gene represented in this entry | The disease is caused by variants affecting the gene represented in this entry | The disease is caused by variants affecting the gene represented in this entry
6SOF,EM,4.30 A,"E/G/I/K=90-110, F/H/J/L=25-54",110,"Insulin decreases blood glucose concentration. It increases cell permeability to monosaccharides, amino acids and fatty acids. It accelerates glycolysis, the pentose phosphate cycle, and glycogen synthesis in liver",The disease is caused by variants affecting the gene represented in this entry | The disease is caused by variants affecting the gene represented in this entry | The disease is caused by variants affecting the gene represented in this entry | The disease is caused by variants affecting the gene represented in this entry
6TC2,X-ray,1.36 A,A/B/C/D/E/F/G/H/I/J/K/L=1-110,110,"Insulin decreases blood glucose concentration. It increases cell permeability to monosaccharides, amino acids and fatty acids. It accelerates glycolysis, the pentose phosphate cycle, and glycogen synthesis in liver",The disease is caused by variants affecting the gene represented in this entry | The disease is caused by variants affecting the gene represented in this entry | The disease is caused by variants affecting the gene represented in this entry | The disease is caused by variants affecting the gene represented in this entry
6TYH,X-ray,1.60 A,"A/C/E/G/I/K=90-110, B/D/F/H/J/L=25-54",110,"Insulin decreases blood glucose concentration. It increases cell permeability to monosaccharides, amino acids and fatty acids. It accelerates glycolysis, the pentose phosphate cycle, and glycogen synthesis in liver",The disease is caused by variants affecting the gene represented in this entry | The disease is caused by variants affecting the gene represented in this entry | The disease is caused by variants affecting the gene represented in this entry | The disease is caused by variants affecting the gene represented in this entry
6U46,NMR,-,A=25-109,110,"Insulin decreases blood glucose concentration. It increases cell permeability to monosaccharides, amino acids and fatty acids. It accelerates glycolysis, the pentose phosphate cycle, and glycogen synthesis in liver",The disease is caused by variants affecting the gene represented in this entry | The disease is caused by variants affecting the gene represented in this entry | The disease is caused by variants affecting the gene represented in this entry | The disease is caused by variants affecting the gene represented in this entry
6VEP,X-ray,2.90 A,"A/G/M/S=90-110, B/H/N/T=25-54",110,"Insulin decreases blood glucose concentration. It increases cell permeability to monosaccharides, amino acids and fatty acids. It accelerates glycolysis, the pentose phosphate cycle, and glycogen synthesis in liver",The disease is caused by variants affecting the gene represented in this entry | The disease is caused by variants affecting the gene represented in this entry | The disease is caused by variants affecting the gene represented in this entry | The disease is caused by variants affecting the gene represented in this entry
6VER,X-ray,1.05 A,"A=90-110, B=25-46",110,"Insulin decreases blood glucose concentration. It increases cell permeability to monosaccharides, amino acids and fatty acids. It accelerates glycolysis, the pentose phosphate cycle, and glycogen synthesis in liver",The disease is caused by variants affecting the gene represented in this entry | The disease is caused by variants affecting the gene represented in this entry | The disease is caused by variants affecting the gene represented in this entry | The disease is caused by variants affecting the gene represented in this entry
6VES,X-ray,1.85 A,"A=90-110, B=25-46",110,"Insulin decreases blood glucose concentration. It increases cell permeability to monosaccharides, amino acids and fatty acids. It accelerates glycolysis, the pentose phosphate cycle, and glycogen synthesis in liver",The disease is caused by variants affecting the gene represented in this entry | The disease is caused by variants affecting the gene represented in this entry | The disease is caused by variants affecting the gene represented in this entry | The disease is caused by variants affecting the gene represented in this entry
6VET,X-ray,1.46 A,"A/C/E=90-110, B/D/F=25-46",110,"Insulin decreases blood glucose concentration. It increases cell permeability to monosaccharides, amino acids and fatty acids. It accelerates glycolysis, the pentose phosphate cycle, and glycogen synthesis in liver",The disease is caused by variants affecting the gene represented in this entry | The disease is caused by variants affecting the gene represented in this entry | The disease is caused by variants affecting the gene represented in this entry | The disease is caused by variants affecting the gene represented in this entry
6X4X,NMR,-,"A=90-110, B=25-54",110,"Insulin decreases blood glucose concentration. It increases cell permeability to monosaccharides, amino acids and fatty acids. It accelerates glycolysis, the pentose phosphate cycle, and glycogen synthesis in liver",The disease is caused by variants affecting the gene represented in this entry | The disease is caused by variants affecting the gene represented in this entry | The disease is caused by variants affecting the gene represented in this entry | The disease is caused by variants affecting the gene represented in this entry
6Z7W,X-ray,2.42 A,"I/K/M/O=90-110, J/L/N/P=25-54",110,"Insulin decreases blood glucose concentration. It increases cell permeability to monosaccharides, amino acids and fatty acids. It accelerates glycolysis, the pentose phosphate cycle, and glycogen synthesis in liver",The disease is caused by variants affecting the gene represented in this entry | The disease is caused by variants affecting the gene represented in this entry | The disease is caused by variants affecting the gene represented in this entry | The disease is caused by variants affecting the gene represented in this entry
6Z7Y,X-ray,2.20 A,"E/G=90-110, F/H=25-54",110,"Insulin decreases blood glucose concentration. It increases cell permeability to monosaccharides, amino acids and fatty acids. It accelerates glycolysis, the pentose phosphate cycle, and glycogen synthesis in liver",The disease is caused by variants affecting the gene represented in this entry | The disease is caused by variants affecting the gene represented in this entry | The disease is caused by variants affecting the gene represented in this entry | The disease is caused by variants affecting the gene represented in this entry
7BW7,EM,4.10 A,D=25-110,110,"Insulin decreases blood glucose concentration. It increases cell permeability to monosaccharides, amino acids and fatty acids. It accelerates glycolysis, the pentose phosphate cycle, and glycogen synthesis in liver",The disease is caused by variants affecting the gene represented in this entry | The disease is caused by variants affecting the gene represented in this entry | The disease is caused by variants affecting the gene represented in this entry | The disease is caused by variants affecting the gene represented in this entry
7BW8,EM,3.80 A,D=25-110,110,"Insulin decreases blood glucose concentration. It increases cell permeability to monosaccharides, amino acids and fatty acids. It accelerates glycolysis, the pentose phosphate cycle, and glycogen synthesis in liver",The disease is caused by variants affecting the gene represented in this entry | The disease is caused by variants affecting the gene represented in this entry | The disease is caused by variants affecting the gene represented in this entry | The disease is caused by variants affecting the gene represented in this entry
7BWA,EM,4.90 A,D/E=25-110,110,"Insulin decreases blood glucose concentration. It increases cell permeability to monosaccharides, amino acids and fatty acids. It accelerates glycolysis, the pentose phosphate cycle, and glycogen synthesis in liver",The disease is caused by variants affecting the gene represented in this entry | The disease is caused by variants affecting the gene represented in this entry | The disease is caused by variants affecting the gene represented in this entry | The disease is caused by variants affecting the gene represented in this entry
7JP3,X-ray,1.95 A,A/B/C/D/E/F=25-110,110,"Insulin decreases blood glucose concentration. It increases cell permeability to monosaccharides, amino acids and fatty acids. It accelerates glycolysis, the pentose phosphate cycle, and glycogen synthesis in liver",The disease is caused by variants affecting the gene represented in this entry | The disease is caused by variants affecting the gene represented in this entry | The disease is caused by variants affecting the gene represented in this entry | The disease is caused by variants affecting the gene represented in this entry
7KD6,X-ray,2.60 A,B/H/N/T=25-110,110,"Insulin decreases blood glucose concentration. It increases cell permeability to monosaccharides, amino acids and fatty acids. It accelerates glycolysis, the pentose phosphate cycle, and glycogen synthesis in liver",The disease is caused by variants affecting the gene represented in this entry | The disease is caused by variants affecting the gene represented in this entry | The disease is caused by variants affecting the gene represented in this entry | The disease is caused by variants affecting the gene represented in this entry
7MD4,EM,4.50 A,"O/Q/S/U=90-110, P/R/T/V=25-54",110,"Insulin decreases blood glucose concentration. It increases cell permeability to monosaccharides, amino acids and fatty acids. It accelerates glycolysis, the pentose phosphate cycle, and glycogen synthesis in liver",The disease is caused by variants affecting the gene represented in this entry | The disease is caused by variants affecting the gene represented in this entry | The disease is caused by variants affecting the gene represented in this entry | The disease is caused by variants affecting the gene represented in this entry
7MD5,EM,5.20 A,"O/Q/S/U=90-110, P/R/T/V=25-54",110,"Insulin decreases blood glucose concentration. It increases cell permeability to monosaccharides, amino acids and fatty acids. It accelerates glycolysis, the pentose phosphate cycle, and glycogen synthesis in liver",The disease is caused by variants affecting the gene represented in this entry | The disease is caused by variants affecting the gene represented in this entry | The disease is caused by variants affecting the gene represented in this entry | The disease is caused by variants affecting the gene represented in this entry
7MQO,EM,3.40 A,"A/C=90-110, B/D=25-46",110,"Insulin decreases blood glucose concentration. It increases cell permeability to monosaccharides, amino acids and fatty acids. It accelerates glycolysis, the pentose phosphate cycle, and glycogen synthesis in liver",The disease is caused by variants affecting the gene represented in this entry | The disease is caused by variants affecting the gene represented in this entry | The disease is caused by variants affecting the gene represented in this entry | The disease is caused by variants affecting the gene represented in this entry
7MQR,EM,4.10 A,"A/C/G/I=90-110, B/D/H/J=25-46",110,"Insulin decreases blood glucose concentration. It increases cell permeability to monosaccharides, amino acids and fatty acids. It accelerates glycolysis, the pentose phosphate cycle, and glycogen synthesis in liver",The disease is caused by variants affecting the gene represented in this entry | The disease is caused by variants affecting the gene represented in this entry | The disease is caused by variants affecting the gene represented in this entry | The disease is caused by variants affecting the gene represented in this entry
7MQS,EM,4.40 A,"A/C/G=90-110, B/D/H=25-46",110,"Insulin decreases blood glucose concentration. It increases cell permeability to monosaccharides, amino acids and fatty acids. It accelerates glycolysis, the pentose phosphate cycle, and glycogen synthesis in liver",The disease is caused by variants affecting the gene represented in this entry | The disease is caused by variants affecting the gene represented in this entry | The disease is caused by variants affecting the gene represented in this entry | The disease is caused by variants affecting the gene represented in this entry
7NHU,X-ray,1.40 A,"A=90-110, B=25-53",110,"Insulin decreases blood glucose concentration. It increases cell permeability to monosaccharides, amino acids and fatty acids. It accelerates glycolysis, the pentose phosphate cycle, and glycogen synthesis in liver",The disease is caused by variants affecting the gene represented in this entry | The disease is caused by variants affecting the gene represented in this entry | The disease is caused by variants affecting the gene represented in this entry | The disease is caused by variants affecting the gene represented in this entry
7NMG,X-ray,2.48 A,C=3-11,110,"Insulin decreases blood glucose concentration. It increases cell permeability to monosaccharides, amino acids and fatty acids. It accelerates glycolysis, the pentose phosphate cycle, and glycogen synthesis in liver",The disease is caused by variants affecting the gene represented in this entry | The disease is caused by variants affecting the gene represented in this entry | The disease is caused by variants affecting the gene represented in this entry | The disease is caused by variants affecting the gene represented in this entry
7PG0,EM,7.60 A,"C/E/I=90-110, D/F/J=25-54",110,"Insulin decreases blood glucose concentration. It increases cell permeability to monosaccharides, amino acids and fatty acids. It accelerates glycolysis, the pentose phosphate cycle, and glycogen synthesis in liver",The disease is caused by variants affecting the gene represented in this entry | The disease is caused by variants affecting the gene represented in this entry | The disease is caused by variants affecting the gene represented in this entry | The disease is caused by variants affecting the gene represented in this entry
7PG2,EM,6.70 A,"C/E/I=90-110, D/F/J=25-54",110,"Insulin decreases blood glucose concentration. It increases cell permeability to monosaccharides, amino acids and fatty acids. It accelerates glycolysis, the pentose phosphate cycle, and glycogen synthesis in liver",The disease is caused by variants affecting the gene represented in this entry | The disease is caused by variants affecting the gene represented in this entry | The disease is caused by variants affecting the gene represented in this entry | The disease is caused by variants affecting the gene represented in this entry
7PG3,EM,7.30 A,"C/E/I=90-110, D/F/J=25-54",110,"Insulin decreases blood glucose concentration. It increases cell permeability to monosaccharides, amino acids and fatty acids. It accelerates glycolysis, the pentose phosphate cycle, and glycogen synthesis in liver",The disease is caused by variants affecting the gene represented in this entry | The disease is caused by variants affecting the gene represented in this entry | The disease is caused by variants affecting the gene represented in this entry | The disease is caused by variants affecting the gene represented in this entry
7PG4,EM,9.10 A,"C/I=90-110, D/J=25-54",110,"Insulin decreases blood glucose concentration. It increases cell permeability to monosaccharides, amino acids and fatty acids. It accelerates glycolysis, the pentose phosphate cycle, and glycogen synthesis in liver",The disease is caused by variants affecting the gene represented in this entry | The disease is caused by variants affecting the gene represented in this entry | The disease is caused by variants affecting the gene represented in this entry | The disease is caused by variants affecting the gene represented in this entry
7QAC,X-ray,2.29 A,"A=90-110, B=25-54",110,"Insulin decreases blood glucose concentration. It increases cell permeability to monosaccharides, amino acids and fatty acids. It accelerates glycolysis, the pentose phosphate cycle, and glycogen synthesis in liver",The disease is caused by variants affecting the gene represented in this entry | The disease is caused by variants affecting the gene represented in this entry | The disease is caused by variants affecting the gene represented in this entry | The disease is caused by variants affecting the gene represented in this entry
7QGF,X-ray,1.20 A,"AAA=90-110, BBB=25-53",110,"Insulin decreases blood glucose concentration. It increases cell permeability to monosaccharides, amino acids and fatty acids. It accelerates glycolysis, the pentose phosphate cycle, and glycogen synthesis in liver",The disease is caused by variants affecting the gene represented in this entry | The disease is caused by variants affecting the gene represented in this entry | The disease is caused by variants affecting the gene represented in this entry | The disease is caused by variants affecting the gene represented in this entry
7QID,EM,5.00 A,"E/I/K=90-110, F/J/L=25-54",110,"Insulin decreases blood glucose concentration. It increases cell permeability to monosaccharides, amino acids and fatty acids. It accelerates glycolysis, the pentose phosphate cycle, and glycogen synthesis in liver",The disease is caused by variants affecting the gene represented in this entry | The disease is caused by variants affecting the gene represented in this entry | The disease is caused by variants affecting the gene represented in this entry | The disease is caused by variants affecting the gene represented in this entry
7RKD,X-ray,1.25 A,"A/C=90-110, B/D=25-54",110,"Insulin decreases blood glucose concentration. It increases cell permeability to monosaccharides, amino acids and fatty acids. It accelerates glycolysis, the pentose phosphate cycle, and glycogen synthesis in liver",The disease is caused by variants affecting the gene represented in this entry | The disease is caused by variants affecting the gene represented in this entry | The disease is caused by variants affecting the gene represented in this entry | The disease is caused by variants affecting the gene represented in this entry
7RZE,EM,3.30 A,"a=90-110, b=25-54",110,"Insulin decreases blood glucose concentration. It increases cell permeability to monosaccharides, amino acids and fatty acids. It accelerates glycolysis, the pentose phosphate cycle, and glycogen synthesis in liver",The disease is caused by variants affecting the gene represented in this entry | The disease is caused by variants affecting the gene represented in this entry | The disease is caused by variants affecting the gene represented in this entry | The disease is caused by variants affecting the gene represented in this entry
7RZF,EM,3.40 A,"a=90-110, b=25-54",110,"Insulin decreases blood glucose concentration. It increases cell permeability to monosaccharides, amino acids and fatty acids. It accelerates glycolysis, the pentose phosphate cycle, and glycogen synthesis in liver",The disease is caused by variants affecting the gene represented in this entry | The disease is caused by variants affecting the gene represented in this entry | The disease is caused by variants affecting the gene represented in this entry | The disease is caused by variants affecting the gene represented in this entry
7RZI,EM,3.00 A,"a/c=90-110, b/d=25-54",110,"Insulin decreases blood glucose concentration. It increases cell permeability to monosaccharides, amino acids and fatty acids. It accelerates glycolysis, the pentose phosphate cycle, and glycogen synthesis in liver",The disease is caused by variants affecting the gene represented in this entry | The disease is caused by variants affecting the gene represented in this entry | The disease is caused by variants affecting the gene represented in this entry | The disease is caused by variants affecting the gene represented in this entry
7S4Y,X-ray,1.71 A,"A/C=90-110, B/D=25-54",110,"Insulin decreases blood glucose concentration. It increases cell permeability to monosaccharides, amino acids and fatty acids. It accelerates glycolysis, the pentose phosphate cycle, and glycogen synthesis in liver",The disease is caused by variants affecting the gene represented in this entry | The disease is caused by variants affecting the gene represented in this entry | The disease is caused by variants affecting the gene represented in this entry | The disease is caused by variants affecting the gene represented in this entry
7SL1,EM,3.40 A,"C/D=25-54, E/F=90-110",110,"Insulin decreases blood glucose concentration. It increases cell permeability to monosaccharides, amino acids and fatty acids. It accelerates glycolysis, the pentose phosphate cycle, and glycogen synthesis in liver",The disease is caused by variants affecting the gene represented in this entry | The disease is caused by variants affecting the gene represented in this entry | The disease is caused by variants affecting the gene represented in this entry | The disease is caused by variants affecting the gene represented in this entry
7SL2,EM,3.60 A,"C/D/E/F=25-54, G/H/I/J=90-110",110,"Insulin decreases blood glucose concentration. It increases cell permeability to monosaccharides, amino acids and fatty acids. It accelerates glycolysis, the pentose phosphate cycle, and glycogen synthesis in liver",The disease is caused by variants affecting the gene represented in this entry | The disease is caused by variants affecting the gene represented in this entry | The disease is caused by variants affecting the gene represented in this entry | The disease is caused by variants affecting the gene represented in this entry
7SL3,EM,3.40 A,"C/D=25-54, E/F=90-110",110,"Insulin decreases blood glucose concentration. It increases cell permeability to monosaccharides, amino acids and fatty acids. It accelerates glycolysis, the pentose phosphate cycle, and glycogen synthesis in liver",The disease is caused by variants affecting the gene represented in this entry | The disease is caused by variants affecting the gene represented in this entry | The disease is caused by variants affecting the gene represented in this entry | The disease is caused by variants affecting the gene represented in this entry
7SL4,EM,5.00 A,"C/D=25-54, E/F=90-110",110,"Insulin decreases blood glucose concentration. It increases cell permeability to monosaccharides, amino acids and fatty acids. It accelerates glycolysis, the pentose phosphate cycle, and glycogen synthesis in liver",The disease is caused by variants affecting the gene represented in this entry | The disease is caused by variants affecting the gene represented in this entry | The disease is caused by variants affecting the gene represented in this entry | The disease is caused by variants affecting the gene represented in this entry
7SL6,EM,3.70 A,"C/D=90-110, E/F=25-54",110,"Insulin decreases blood glucose concentration. It increases cell permeability to monosaccharides, amino acids and fatty acids. It accelerates glycolysis, the pentose phosphate cycle, and glycogen synthesis in liver",The disease is caused by variants affecting the gene represented in this entry | The disease is caused by variants affecting the gene represented in this entry | The disease is caused by variants affecting the gene represented in this entry | The disease is caused by variants affecting the gene represented in this entry
7SL7,EM,3.10 A,"C/D/E/F=90-110, G/H/I/J=25-54",110,"Insulin decreases blood glucose concentration. It increases cell permeability to monosaccharides, amino acids and fatty acids. It accelerates glycolysis, the pentose phosphate cycle, and glycogen synthesis in liver",The disease is caused by variants affecting the gene represented in this entry | The disease is caused by variants affecting the gene represented in this entry | The disease is caused by variants affecting the gene represented in this entry | The disease is caused by variants affecting the gene represented in this entry
7STH,EM,3.50 A,C/D=1-110,110,"Insulin decreases blood glucose concentration. It increases cell permeability to monosaccharides, amino acids and fatty acids. It accelerates glycolysis, the pentose phosphate cycle, and glycogen synthesis in liver",The disease is caused by variants affecting the gene represented in this entry | The disease is caused by variants affecting the gene represented in this entry | The disease is caused by variants affecting the gene represented in this entry | The disease is caused by variants affecting the gene represented in this entry
7STI,EM,4.90 A,C=1-110,110,"Insulin decreases blood glucose concentration. It increases cell permeability to monosaccharides, amino acids and fatty acids. It accelerates glycolysis, the pentose phosphate cycle, and glycogen synthesis in liver",The disease is caused by variants affecting the gene represented in this entry | The disease is caused by variants affecting the gene represented in this entry | The disease is caused by variants affecting the gene represented in this entry | The disease is caused by variants affecting the gene represented in this entry
7STJ,EM,4.40 A,C/D=1-110,110,"Insulin decreases blood glucose concentration. It increases cell permeability to monosaccharides, amino acids and fatty acids. It accelerates glycolysis, the pentose phosphate cycle, and glycogen synthesis in liver",The disease is caused by variants affecting the gene represented in this entry | The disease is caused by variants affecting the gene represented in this entry | The disease is caused by variants affecting the gene represented in this entry | The disease is caused by variants affecting the gene represented in this entry
7STK,EM,4.00 A,C/D=1-110,110,"Insulin decreases blood glucose concentration. It increases cell permeability to monosaccharides, amino acids and fatty acids. It accelerates glycolysis, the pentose phosphate cycle, and glycogen synthesis in liver",The disease is caused by variants affecting the gene represented in this entry | The disease is caused by variants affecting the gene represented in this entry | The disease is caused by variants affecting the gene represented in this entry | The disease is caused by variants affecting the gene represented in this entry
7U6E,EM,3.00 A,"A=90-110, B=25-54",110,"Insulin decreases blood glucose concentration. It increases cell permeability to monosaccharides, amino acids and fatty acids. It accelerates glycolysis, the pentose phosphate cycle, and glycogen synthesis in liver",The disease is caused by variants affecting the gene represented in this entry | The disease is caused by variants affecting the gene represented in this entry | The disease is caused by variants affecting the gene represented in this entry | The disease is caused by variants affecting the gene represented in this entry
7V3P,EM,3.60 A,"E=90-110, F=25-54",110,"Insulin decreases blood glucose concentration. It increases cell permeability to monosaccharides, amino acids and fatty acids. It accelerates glycolysis, the pentose phosphate cycle, and glycogen synthesis in liver",The disease is caused by variants affecting the gene represented in this entry | The disease is caused by variants affecting the gene represented in this entry | The disease is caused by variants affecting the gene represented in this entry | The disease is caused by variants affecting the gene represented in this entry
7YQ3,EM,3.60 A,A=90-110,110,"Insulin decreases blood glucose concentration. It increases cell permeability to monosaccharides, amino acids and fatty acids. It accelerates glycolysis, the pentose phosphate cycle, and glycogen synthesis in liver",The disease is caused by variants affecting the gene represented in this entry | The disease is caused by variants affecting the gene represented in this entry | The disease is caused by variants affecting the gene represented in this entry | The disease is caused by variants affecting the gene represented in this entry
7YQ4,EM,3.95 A,A=90-110,110,"Insulin decreases blood glucose concentration. It increases cell permeability to monosaccharides, amino acids and fatty acids. It accelerates glycolysis, the pentose phosphate cycle, and glycogen synthesis in liver",The disease is caused by variants affecting the gene represented in this entry | The disease is caused by variants affecting the gene represented in this entry | The disease is caused by variants affecting the gene represented in this entry | The disease is caused by variants affecting the gene represented in this entry
7YQ5,EM,4.27 A,A=90-110,110,"Insulin decreases blood glucose concentration. It increases cell permeability to monosaccharides, amino acids and fatty acids. It accelerates glycolysis, the pentose phosphate cycle, and glycogen synthesis in liver",The disease is caused by variants affecting the gene represented in this entry | The disease is caused by variants affecting the gene represented in this entry | The disease is caused by variants affecting the gene represented in this entry | The disease is caused by variants affecting the gene represented in this entry
7Z5L,X-ray,1.40 A,"A=90-110, B=25-54",110,"Insulin decreases blood glucose concentration. It increases cell permeability to monosaccharides, amino acids and fatty acids. It accelerates glycolysis, the pentose phosphate cycle, and glycogen synthesis in liver",The disease is caused by variants affecting the gene represented in this entry | The disease is caused by variants affecting the gene represented in this entry | The disease is caused by variants affecting the gene represented in this entry | The disease is caused by variants affecting the gene represented in this entry
7Z5Q,X-ray,1.80 A,"A=90-110, B=25-54",110,"Insulin decreases blood glucose concentration. It increases cell permeability to monosaccharides, amino acids and fatty acids. It accelerates glycolysis, the pentose phosphate cycle, and glycogen synthesis in liver",The disease is caused by variants affecting the gene represented in this entry | The disease is caused by variants affecting the gene represented in this entry | The disease is caused by variants affecting the gene represented in this entry | The disease is caused by variants affecting the gene represented in this entry
8EYX,EM,4.50 A,D/E/F/G=1-110,110,"Insulin decreases blood glucose concentration. It increases cell permeability to monosaccharides, amino acids and fatty acids. It accelerates glycolysis, the pentose phosphate cycle, and glycogen synthesis in liver",The disease is caused by variants affecting the gene represented in this entry | The disease is caused by variants affecting the gene represented in this entry | The disease is caused by variants affecting the gene represented in this entry | The disease is caused by variants affecting the gene represented in this entry
8EYY,EM,4.90 A,C/D/E/F=1-110,110,"Insulin decreases blood glucose concentration. It increases cell permeability to monosaccharides, amino acids and fatty acids. It accelerates glycolysis, the pentose phosphate cycle, and glycogen synthesis in liver",The disease is caused by variants affecting the gene represented in this entry | The disease is caused by variants affecting the gene represented in this entry | The disease is caused by variants affecting the gene represented in this entry | The disease is caused by variants affecting the gene represented in this entry
8EZ0,EM,3.70 A,D/E/F/G=1-110,110,"Insulin decreases blood glucose concentration. It increases cell permeability to monosaccharides, amino acids and fatty acids. It accelerates glycolysis, the pentose phosphate cycle, and glycogen synthesis in liver",The disease is caused by variants affecting the gene represented in this entry | The disease is caused by variants affecting the gene represented in this entry | The disease is caused by variants affecting the gene represented in this entry | The disease is caused by variants affecting the gene represented in this entry
8GSG,X-ray,2.05 A,"A/C=90-110, B/D=25-54",110,"Insulin decreases blood glucose concentration. It increases cell permeability to monosaccharides, amino acids and fatty acids. It accelerates glycolysis, the pentose phosphate cycle, and glycogen synthesis in liver",The disease is caused by variants affecting the gene represented in this entry | The disease is caused by variants affecting the gene represented in this entry | The disease is caused by variants affecting the gene represented in this entry | The disease is caused by variants affecting the gene represented in this entry
8GUY,EM,4.18 A,A/C=90-110,110,"Insulin decreases blood glucose concentration. It increases cell permeability to monosaccharides, amino acids and fatty acids. It accelerates glycolysis, the pentose phosphate cycle, and glycogen synthesis in liver",The disease is caused by variants affecting the gene represented in this entry | The disease is caused by variants affecting the gene represented in this entry | The disease is caused by variants affecting the gene represented in this entry | The disease is caused by variants affecting the gene represented in this entry
8HGZ,X-ray,1.70 A,"A/E/I/M=90-110, B/F/J/N=25-53",110,"Insulin decreases blood glucose concentration. It increases cell permeability to monosaccharides, amino acids and fatty acids. It accelerates glycolysis, the pentose phosphate cycle, and glycogen synthesis in liver",The disease is caused by variants affecting the gene represented in this entry | The disease is caused by variants affecting the gene represented in this entry | The disease is caused by variants affecting the gene represented in this entry | The disease is caused by variants affecting the gene represented in this entry
8HSF,X-ray,2.90 A,"A/C=90-110, B/D=25-54",110,"Insulin decreases blood glucose concentration. It increases cell permeability to monosaccharides, amino acids and fatty acids. It accelerates glycolysis, the pentose phosphate cycle, and glycogen synthesis in liver",The disease is caused by variants affecting the gene represented in this entry | The disease is caused by variants affecting the gene represented in this entry | The disease is caused by variants affecting the gene represented in this entry | The disease is caused by variants affecting the gene represented in this entry
8HSK,X-ray,1.64 A,"A=90-110, B=25-53",110,"Insulin decreases blood glucose concentration. It increases cell permeability to monosaccharides, amino acids and fatty acids. It accelerates glycolysis, the pentose phosphate cycle, and glycogen synthesis in liver",The disease is caused by variants affecting the gene represented in this entry | The disease is caused by variants affecting the gene represented in this entry | The disease is caused by variants affecting the gene represented in this entry | The disease is caused by variants affecting the gene represented in this entry
8IPZ,X-ray,1.40 A,"A/C/E/G=90-110, B/D/F/H=25-53",110,"Insulin decreases blood glucose concentration. It increases cell permeability to monosaccharides, amino acids and fatty acids. It accelerates glycolysis, the pentose phosphate cycle, and glycogen synthesis in liver",The disease is caused by variants affecting the gene represented in this entry | The disease is caused by variants affecting the gene represented in this entry | The disease is caused by variants affecting the gene represented in this entry | The disease is caused by variants affecting the gene represented in this entry
8OKY,X-ray,1.17 A,"A=90-110, B=25-50",110,"Insulin decreases blood glucose concentration. It increases cell permeability to monosaccharides, amino acids and fatty acids. It accelerates glycolysis, the pentose phosphate cycle, and glycogen synthesis in liver",The disease is caused by variants affecting the gene represented in this entry | The disease is caused by variants affecting the gene represented in this entry | The disease is caused by variants affecting the gene represented in this entry | The disease is caused by variants affecting the gene represented in this entry
8ONI,X-ray,2.30 A,"A/I=90-110, B/F=25-54",110,"Insulin decreases blood glucose concentration. It increases cell permeability to monosaccharides, amino acids and fatty acids. It accelerates glycolysis, the pentose phosphate cycle, and glycogen synthesis in liver",The disease is caused by variants affecting the gene represented in this entry | The disease is caused by variants affecting the gene represented in this entry | The disease is caused by variants affecting the gene represented in this entry | The disease is caused by variants affecting the gene represented in this entry
8ONK,X-ray,3.40 A,"A/B=25-54, D/I=90-110",110,"Insulin decreases blood glucose concentration. It increases cell permeability to monosaccharides, amino acids and fatty acids. It accelerates glycolysis, the pentose phosphate cycle, and glycogen synthesis in liver",The disease is caused by variants affecting the gene represented in this entry | The disease is caused by variants affecting the gene represented in this entry | The disease is caused by variants affecting the gene represented in this entry | The disease is caused by variants affecting the gene represented in this entry
8ONP,X-ray,1.77 A,"A=90-110, B=25-50",110,"Insulin decreases blood glucose concentration. It increases cell permeability to monosaccharides, amino acids and fatty acids. It accelerates glycolysis, the pentose phosphate cycle, and glycogen synthesis in liver",The disease is caused by variants affecting the gene represented in this entry | The disease is caused by variants affecting the gene represented in this entry | The disease is caused by variants affecting the gene represented in this entry | The disease is caused by variants affecting the gene represented in this entry
8ONR,X-ray,1.88 A,"A=90-110, B=25-50",110,"Insulin decreases blood glucose concentration. It increases cell permeability to monosaccharides, amino acids and fatty acids. It accelerates glycolysis, the pentose phosphate cycle, and glycogen synthesis in liver",The disease is caused by variants affecting the gene represented in this entry | The disease is caused by variants affecting the gene represented in this entry | The disease is caused by variants affecting the gene represented in this entry | The disease is caused by variants affecting the gene represented in this entry
8PI4,X-ray,1.25 A,"A=25-53, A=90-110",110,"Insulin decreases blood glucose concentration. It increases cell permeability to monosaccharides, amino acids and fatty acids. It accelerates glycolysis, the pentose phosphate cycle, and glycogen synthesis in liver",The disease is caused by variants affecting the gene represented in this entry | The disease is caused by variants affecting the gene represented in this entry | The disease is caused by variants affecting the gene represented in this entry | The disease is caused by variants affecting the gene represented in this entry
8PI5,X-ray,1.66 A,"B/D=25-53, B/D=90-110",110,"Insulin decreases blood glucose concentration. It increases cell permeability to monosaccharides, amino acids and fatty acids. It accelerates glycolysis, the pentose phosphate cycle, and glycogen synthesis in liver",The disease is caused by variants affecting the gene represented in this entry | The disease is caused by variants affecting the gene represented in this entry | The disease is caused by variants affecting the gene represented in this entry | The disease is caused by variants affecting the gene represented in this entry
8PI6,X-ray,2.14 A,"A/B/C/D/E=25-53, A/B/C/D/E=90-110",110,"Insulin decreases blood glucose concentration. It increases cell permeability to monosaccharides, amino acids and fatty acids. It accelerates glycolysis, the pentose phosphate cycle, and glycogen synthesis in liver",The disease is caused by variants affecting the gene represented in this entry | The disease is caused by variants affecting the gene represented in this entry | The disease is caused by variants affecting the gene represented in this entry | The disease is caused by variants affecting the gene represented in this entry
8PJH,X-ray,1.50 A,"A=25-53, A=81-110",110,"Insulin decreases blood glucose concentration. It increases cell permeability to monosaccharides, amino acids and fatty acids. It accelerates glycolysis, the pentose phosphate cycle, and glycogen synthesis in liver",The disease is caused by variants affecting the gene represented in this entry | The disease is caused by variants affecting the gene represented in this entry | The disease is caused by variants affecting the gene represented in this entry | The disease is caused by variants affecting the gene represented in this entry
8RRP,X-ray,2.00 A,"A/C/E=90-110, B/D/F=25-53",110,"Insulin decreases blood glucose concentration. It increases cell permeability to monosaccharides, amino acids and fatty acids. It accelerates glycolysis, the pentose phosphate cycle, and glycogen synthesis in liver",The disease is caused by variants affecting the gene represented in this entry | The disease is caused by variants affecting the gene represented in this entry | The disease is caused by variants affecting the gene represented in this entry | The disease is caused by variants affecting the gene represented in this entry
8RVT,NMR,-,"A/C/E/G/I=90-110, B/D/F/H/J=25-54",110,"Insulin decreases blood glucose concentration. It increases cell permeability to monosaccharides, amino acids and fatty acids. It accelerates glycolysis, the pentose phosphate cycle, and glycogen synthesis in liver",The disease is caused by variants affecting the gene represented in this entry | The disease is caused by variants affecting the gene represented in this entry | The disease is caused by variants affecting the gene represented in this entry | The disease is caused by variants affecting the gene represented in this entry
8SBD,EM,3.20 A,"A/B/C/D/E/F/G/H/I/J/K/L/M/N/O/P=90-110, a/b/c/d/e/f/g/h/i/j/k/l/m/n/o/p=25-54",110,"Insulin decreases blood glucose concentration. It increases cell permeability to monosaccharides, amino acids and fatty acids. It accelerates glycolysis, the pentose phosphate cycle, and glycogen synthesis in liver",The disease is caused by variants affecting the gene represented in this entry | The disease is caused by variants affecting the gene represented in this entry | The disease is caused by variants affecting the gene represented in this entry | The disease is caused by variants affecting the gene represented in this entry
8VCX,X-ray,2.59 A,C=64-78,110,"Insulin decreases blood glucose concentration. It increases cell permeability to monosaccharides, amino acids and fatty acids. It accelerates glycolysis, the pentose phosphate cycle, and glycogen synthesis in liver",The disease is caused by variants affecting the gene represented in this entry | The disease is caused by variants affecting the gene represented in this entry | The disease is caused by variants affecting the gene represented in this entry | The disease is caused by variants affecting the gene represented in this entry
8VDD,X-ray,2.60 A,C=64-78,110,"Insulin decreases blood glucose concentration. It increases cell permeability to monosaccharides, amino acids and fatty acids. It accelerates glycolysis, the pentose phosphate cycle, and glycogen synthesis in liver",The disease is caused by variants affecting the gene represented in this entry | The disease is caused by variants affecting the gene represented in this entry | The disease is caused by variants affecting the gene represented in this entry | The disease is caused by variants affecting the gene represented in this entry
8WU0,X-ray,1.95 A,"A/C=90-109, B/D=25-56",110,"Insulin decreases blood glucose concentration. It increases cell permeability to monosaccharides, amino acids and fatty acids. It accelerates glycolysis, the pentose phosphate cycle, and glycogen synthesis in liver",The disease is caused by variants affecting the gene represented in this entry | The disease is caused by variants affecting the gene represented in this entry | The disease is caused by variants affecting the gene represented in this entry | The disease is caused by variants affecting the gene represented in this entry
8Z4B,X-ray,2.50 A,"A/C=90-110, B/D=25-54",110,"Insulin decreases blood glucose concentration. It increases cell permeability to monosaccharides, amino acids and fatty acids. It accelerates glycolysis, the pentose phosphate cycle, and glycogen synthesis in liver",The disease is caused by variants affecting the gene represented in this entry | The disease is caused by variants affecting the gene represented in this entry | The disease is caused by variants affecting the gene represented in this entry | The disease is caused by variants affecting the gene represented in this entry
9LVC,X-ray,2.30 A,"A/C/E/G=90-110, B/D/F/H=25-53",110,"Insulin decreases blood glucose concentration. It increases cell permeability to monosaccharides, amino acids and fatty acids. It accelerates glycolysis, the pentose phosphate cycle, and glycogen synthesis in liver",The disease is caused by variants affecting the gene represented in this entry | The disease is caused by variants affecting the gene represented in this entry | The disease is caused by variants affecting the gene represented in this entry | The disease is caused by variants affecting the gene represented in this entry
9LVD,X-ray,2.85 A,"A/C=90-110, B/D=25-53",110,"Insulin decreases blood glucose concentration. It increases cell permeability to monosaccharides, amino acids and fatty acids. It accelerates glycolysis, the pentose phosphate cycle, and glycogen synthesis in liver",The disease is caused by variants affecting the gene represented in this entry | The disease is caused by variants affecting the gene represented in this entry | The disease is caused by variants affecting the gene represented in this entry | The disease is caused by variants affecting the gene represented in this entry
9LVE,X-ray,2.88 A,"A/C=90-110, B/D=25-53",110,"Insulin decreases blood glucose concentration. It increases cell permeability to monosaccharides, amino acids and fatty acids. It accelerates glycolysis, the pentose phosphate cycle, and glycogen synthesis in liver",The disease is caused by variants affecting the gene represented in this entry | The disease is caused by variants affecting the gene represented in this entry | The disease is caused by variants affecting the gene represented in this entry | The disease is caused by variants affecting the gene represented in this entry
9LVX,X-ray,2.70 A,"A/C/E/G=90-110, B/D/F/H=25-53",110,"Insulin decreases blood glucose concentration. It increases cell permeability to monosaccharides, amino acids and fatty acids. It accelerates glycolysis, the pentose phosphate cycle, and glycogen synthesis in liver",The disease is caused by variants affecting the gene represented in this entry | The disease is caused by variants affecting the gene represented in this entry | The disease is caused by variants affecting the gene represented in this entry | The disease is caused by variants affecting the gene represented in this entry
9LVY,X-ray,2.85 A,"A/C=90-110, B/D=25-53",110,"Insulin decreases blood glucose concentration. It increases cell permeability to monosaccharides, amino acids and fatty acids. It accelerates glycolysis, the pentose phosphate cycle, and glycogen synthesis in liver",The disease is caused by variants affecting the gene represented in this entry | The disease is caused by variants affecting the gene represented in this entry | The disease is caused by variants affecting the gene represented in this entry | The disease is caused by variants affecting the gene represented in this entry
9M4X,X-ray,1.40 A,"A=90-109, B=25-53",110,"Insulin decreases blood glucose concentration. It increases cell permeability to monosaccharides, amino acids and fatty acids. It accelerates glycolysis, the pentose phosphate cycle, and glycogen synthesis in liver",The disease is caused by variants affecting the gene represented in this entry | The disease is caused by variants affecting the gene represented in this entry | The disease is caused by variants affecting the gene represented in this entry | The disease is caused by variants affecting the gene represented in this entry
9M4Y,X-ray,1.40 A,"A=90-109, B=25-53",110,"Insulin decreases blood glucose concentration. It increases cell permeability to monosaccharides, amino acids and fatty acids. It accelerates glycolysis, the pentose phosphate cycle, and glycogen synthesis in liver",The disease is caused by variants affecting the gene represented in this entry | The disease is caused by variants affecting the gene represented in this entry | The disease is caused by variants affecting the gene represented in this entry | The disease is caused by variants affecting the gene represented in this entry
9M4Z,X-ray,1.50 A,"A=90-109, B=25-53",110,"Insulin decreases blood glucose concentration. It increases cell permeability to monosaccharides, amino acids and fatty acids. It accelerates glycolysis, the pentose phosphate cycle, and glycogen synthesis in liver",The disease is caused by variants affecting the gene represented in this entry | The disease is caused by variants affecting the gene represented in this entry | The disease is caused by variants affecting the gene represented in this entry | The disease is caused by variants affecting the gene represented in this entry
9M50,X-ray,1.40 A,"A=90-109, B=25-53",110,"Insulin decreases blood glucose concentration. It increases cell permeability to monosaccharides, amino acids and fatty acids. It accelerates glycolysis, the pentose phosphate cycle, and glycogen synthesis in liver",The disease is caused by variants affecting the gene represented in this entry | The disease is caused by variants affecting the gene represented in this entry | The disease is caused by variants affecting the gene represented in this entry | The disease is caused by variants affecting the gene represented in this entry
9M51,X-ray,1.76 A,"A=90-109, B=25-53",110,"Insulin decreases blood glucose concentration. It increases cell permeability to monosaccharides, amino acids and fatty acids. It accelerates glycolysis, the pentose phosphate cycle, and glycogen synthesis in liver",The disease is caused by variants affecting the gene represented in this entry | The disease is caused by variants affecting the gene represented in this entry | The disease is caused by variants affecting the gene represented in this entry | The disease is caused by variants affecting the gene represented in this entry
